metric_id,metric_name,metric_short_name,owner_saphr_id,dev_saphr_id,metric_calc_lvl,is_active,measure_unit,is_rank,rank_sort,is_infopanel,is_navigator,is_sbolpro,cmnt,load_marker,modified_dt,inserted_dttm,author_login
9901294,ЮЛ вернулись,ЮЛ вернулись,1530917.0,1345134.0,,True,,False,,,True,,Для отчета по оттокам в АС Навигатор,,2026-01-30,2026-05-29 16:25:18,60385977 (Демидемоа Анна Демовна [user00002@sample.local])
9001596,Резерв для МРМ,Резерв для МРМ,1532200.0,,,False,,False,,,,,Резерв для МРМ,,2024-02-29,2026-05-29 16:25:18,60385977 (Демидемоа Анна Демовна [user00002@sample.local])
9001324,CHANGE Проекты ВСП в работе,Количество change проектов по каналу ВСП находящихся в работе,1530917.0,,,True,,False,,,False,,Для Водопада в АС Навигатор,,2026-01-23,2026-05-29 16:25:18,60385977 (Демидемоа Анна Демовна [user00002@sample.local])
9001128,"Активности с типом Звонок, совершенные МЗП в рамках задач с типом Отток, Контактная политика",Удержание звонки,1642359.0,2033718.0,,True,,False,,,,,Для виджетов МРМ Эффективность,,2024-06-10,2026-05-29 16:25:18,60385977 (Демидемоа Анна Демовна [user00002@sample.local])
9001295,ФЛ вернулись,ФЛ вернулись,1530917.0,1345134.0,,True,,False,,,True,,Для отчета по оттокам в АС Навигатор,,2025-08-26,2026-05-29 16:25:18,60385977 (Демидемоа Анна Демовна [user00002@sample.local])
9001305,Сокращение срока запуска ЗП проектов на 30%,Сокращение срока запуска ЗП проектов на 30%,1530917.0,,,True,,False,,,False,,Для АС Навигатор,,2026-01-21,2026-05-29 16:25:18,60385977 (Демидемоа Анна Демовна [user00002@sample.local])
9001268,Количество непроизводительных сотрудников,Количество непроизводительных сотрудников,1530917.0,,,True,,True,asc,,,,Для АС Навигатор,,2025-05-14,2026-05-29 16:25:18,60385977 (Демидемоа Анна Демовна [user00002@sample.local])
9001281,Повторяющийся отток ЮЛ,Повторяющийся отток ЮЛ,1530917.0,1345134.0,,True,,False,,,True,,Для отчета по оттокам в АС Навигатор,,2025-08-12,2026-05-29 16:25:18,60385977 (Демидемоа Анна Демовна [user00002@sample.local])
9001105,Возврат оттоков по ТБ,Возврат оттоков по ТБ,1642359.0,1636839.0,,True,,False,,,,,Витрина Эффективности для команды МРМ. Виджет Управление оттоками,,2024-01-31,2026-05-29 16:25:18,60385977 (Демидемоа Анна Демовна [user00002@sample.local])
9001032,"Возврат оттоков ЮЛ, изменение к прошлому месяцу","Возврат оттоков ЮЛ, изменение к прошлому месяцу",1530917.0,1798458.0,,True,,False,,,,,Для виджетов в АС Инфопанель,,2023-07-25,2026-05-29 16:25:18,60385977 (Демидемоа Анна Демовна [user00002@sample.local])
9001198,Доля зачислений относительно согласий по продукту перевод на ЗП оформленных ролью ВСП,Доля зачислений относительно согласий по продукту перевод на ЗП оформленных ролью ВСП,1530917.0,,,True,,True,desc,,True,,Для АС Навигатор,,2025-02-18,2026-05-29 16:25:18,60385977 (Демидемоа Анна Демовна [user00002@sample.local])
9001126,"Активности с типом Звонок, совершенные МЗП в рамках задач с типом Привлечение, Расширение, Задача B2C",Привлечение звонки,1642359.0,2033718.0,,True,,False,,,,,Для виджетов МРМ Эффективность,,2024-06-10,2026-05-29 16:25:18,60385977 (Демидемоа Анна Демовна [user00002@sample.local])
9001150,Количество на отработку ЦЗ МЗП/СЗП,Количество задач,2119307.0,1636839.0,,True,,True,desc,,,,Для отчета Волга,,2024-12-26,2026-05-29 16:25:18,60385977 (Демидемоа Анна Демовна [user00002@sample.local])
9001265,Кол-во привлеченных новых ФЛ в рамках РСЗП,Кол-во привлеченных новых ФЛ в рамках РСЗП,1530917.0,,,True,,False,,,,,Для АС Навигатор,,2025-04-24,2026-05-29 16:25:18,60385977 (Демидемоа Анна Демовна [user00002@sample.local])
10903304,Отток ФЛ от 10 до 29 ФЛ для ИСУ,Отток ФЛ от 10 до 29 ФЛ для ИСУ,1737120.0,,,True,,False,,,,,Для ИСУ,,2025-03-03,2026-05-29 16:25:18,60385977 (Демидемоа Анна Демовна [user00002@sample.local])
9001097,Предиктивный отток ЮЛ,Предиктивный,1642359.0,1636839.0,,True,,False,,,,,Витрина Эффективности для команды МРМ. Виджет Управление оттоками,,2024-01-31,2026-05-29 16:25:18,60385977 (Демидемоа Анна Демовна [user00002@sample.local])
9001250,Оседаемость новых ФЛ КМ ОПК,Оседаемость новых ФЛ КМ ОПК,1530917.0,,,True,,False,,,,,Для АС Навигатор,,2025-04-24,2026-05-29 16:25:18,60385977 (Демидемоа Анна Демовна [user00002@sample.local])
9001546,Резерв для МРМ,Резерв для МРМ,1532200.0,,,False,,False,,,,,Резерв для МРМ,,2024-02-29,2026-05-29 16:25:18,60385977 (Демидемоа Анна Демовна [user00002@sample.local])
9001106,Мой уровень возврата оттоков,Мой уровень возврата оттоков,1642359.0,1636839.0,,True,,False,,,,,Витрина Эффективности для команды МРМ. Виджет Управление оттоками,,2024-01-31,2026-05-29 16:25:18,60385977 (Демидемоа Анна Демовна [user00002@sample.local])
9002014,Факт зачислений на выпущенные карты,Факт зачислений на выпущенные карты,1150387.0,1636839.0,,True,,False,,,,,Для виджета по прогнозу по сделкам,,2024-12-04,2026-05-29 16:25:18,60385977 (Демидемоа Анна Демовна [user00002@sample.local])
9001502,"Укомплектованность массовых специальностей (МЗП, СЗП)",Укомплектованность МЗП / СЗП,1532200.0,,,True,,False,,,,,Для отчета КУБ в АС Инфопанель и МРМ,,2024-03-20,2026-05-29 16:25:18,60385977 (Демидемоа Анна Демовна [user00002@sample.local])
9002003,Доля согласий по задачам,Доля согласий по задачам,1150387.0,1636839.0,,True,,True,desc,,True,,Для виджета по Воронке продаж,,2024-12-04,2026-05-29 16:25:18,60385977 (Демидемоа Анна Демовна [user00002@sample.local])
9001249,Оседаемость новых ФЛ КМ ММБ,Оседаемость новых ФЛ КМ ММБ,1530917.0,,,True,,False,,,,,Для АС Навигатор,,2025-04-24,2026-05-29 16:25:18,60385977 (Демидемоа Анна Демовна [user00002@sample.local])
9001294,ЮЛ вернулись,ЮЛ вернулись,1530917.0,1345134.0,,True,,False,,,True,,Для отчета по оттокам в АС Навигатор,,2025-08-25,2026-05-29 16:25:18,60385977 (Демидемоа Анна Демовна [user00002@sample.local])
2141091,Объем ФОТ без янв и дек СБ для расчета доли рынка ФОТ без янв и дек(числитель) (Интегральная без янв и дек),Объем ФОТ без янв и дек СБ для расчета доли рынка ФОТ без янв и дек(числитель) (Интегральная без янв и дек),,,,True,,False,,,,,Для отчета по доле рынка в АС Инфопанель,,2022-10-05,2026-05-29 16:25:18,60385977 (Демидемоа Анна Демовна [user00002@sample.local])
170003662,Объем рынка по данным Росстат,Объем рынка по данным Росстат,1790758.0,1851030.0,,True,,False,,,,,Для отчета по доле рынка в АС Инфопанель,,2022-05-30,2026-05-29 16:25:18,60385977 (Демидемоа Анна Демовна [user00002@sample.local])
9001505,Доля просроченных задач УЗП (со сроком отработки более 30 дней),Доля просроченных ЦЗ (более 30 дней),1532200.0,,,True,,False,,,,,Для отчета КУБ в АС Инфопанель и МРМ,,2024-03-20,2026-05-29 16:25:18,60385977 (Демидемоа Анна Демовна [user00002@sample.local])
9001528,"Доля сотрудников, по которым отсутствуют дублирующие сделки","Доля сотрудников, по которым отсутствуют дублирующие сделки",1532200.0,2007815.0,,True,,False,,,,,Для отчета КУБ в АС Инфопанель и МРМ,,2024-10-17,2026-05-29 16:25:18,60385977 (Демидемоа Анна Демовна [user00002@sample.local])
9001509,Доля необоснованных отказов по задачам ММБ (появились зачисления по ЗД с отказом),Доля необоснованных отказов по задачам ММБ,1532200.0,,,True,,False,,,,,Для отчета КУБ в АС Инфопанель и МРМ,,2024-03-20,2026-05-29 16:25:18,60385977 (Демидемоа Анна Демовна [user00002@sample.local])
9001266,Объем привлеченного ФОТ в рамках РСЗП,Объем привлеченного ФОТ в рамках РСЗП,1530917.0,,,True,,False,,,,,Для АС Навигатор,,2025-04-24,2026-05-29 16:25:18,60385977 (Демидемоа Анна Демовна [user00002@sample.local])
9001055,Задачи сотрудников (Задачи B2C) не взятые в работу,Задача B2C,1642359.0,2033718.0,,True,,False,,,,,Витрина Эффективности для команды МРМ. Виджет Не взятые в работу задачи,,2024-01-31,2026-05-29 16:25:18,60385977 (Демидемоа Анна Демовна [user00002@sample.local])
9001323,CHANGE Проекты Digital просрочены,Количество change проектов по сегменту Рабочий возраст находящихся в работе и срок по которым прошел,1530917.0,,,True,,False,,,False,,Для Водопада в АС Навигатор,,2026-01-23,2026-05-29 16:25:18,60385977 (Демидемоа Анна Демовна [user00002@sample.local])
9001163,Количество новых ФЛ получателей заработной платы появившихся в банке без участия продающих ролей,Количество новых ФЛ получателей заработной платы появившихся в банке без участия продающих ролей,1530917.0,,,True,,True,desc,,True,,Для АС Навигатор,,2025-02-18,2026-05-29 16:25:18,60385977 (Демидемоа Анна Демовна [user00002@sample.local])
9001559,Резерв для МРМ,Резерв для МРМ,1532200.0,,,False,,False,,,,,Резерв для МРМ,,2024-02-29,2026-05-29 16:25:18,60385977 (Демидемоа Анна Демовна [user00002@sample.local])
9001531,Модель продаж,Модель продаж,1532200.0,2007815.0,,True,,False,,,,,Для отчета КУБ в АС Инфопанель и МРМ,,2024-10-17,2026-05-29 16:25:18,60385977 (Демидемоа Анна Демовна [user00002@sample.local])
9001124,ФЛ с вкладами,ФЛ с вкладами,1157749.0,,,True,,False,,,,,Для отчета Карточка ВУЗ в АС Инфопанель,,2024-04-04,2026-05-29 16:25:18,60385977 (Демидемоа Анна Демовна [user00002@sample.local])
9001214,Кол-во новых ФЛ на 1 КМ ММБ,Кол-во новых ФЛ на 1 КМ ММБ,1530917.0,,,True,,False,,,,,Для АС Навигатор,,2025-04-24,2026-05-29 16:25:18,60385977 (Демидемоа Анна Демовна [user00002@sample.local])
9001526,Доля сотрудников с закреплением базы клиентов по ИУП,Доля сотрудников с закреплением базы клиентов по ИУП,1532200.0,2033718.0,,True,,False,,,,,Для отчета КУБ в АС Инфопанель и МРМ,,2024-06-25,2026-05-29 16:25:18,60385977 (Демидемоа Анна Демовна [user00002@sample.local])
90012081,Количество систематически неэффективных МЗП,Количество систематически неэффективных МЗП,1530917.0,,,True,,True,asc,,,,Для АС Навигатор,,2025-05-20,2026-05-29 16:25:18,60385977 (Демидемоа Анна Демовна [user00002@sample.local])
9001186,"Количество организациий с повторной задачей силового оттока, те отток продолжается после отработки задачи","Количество организациий с повторной задачей силового оттока, те отток продолжается после отработки задачи",1530917.0,,,True,,True,asc,,True,,Для АС Навигатор,,2025-02-18,2026-05-29 16:25:18,60385977 (Демидемоа Анна Демовна [user00002@sample.local])
9001283,Задач не выставлено,Задач не выставлено,1530917.0,1345134.0,,True,,False,,,True,,Для отчета по оттокам в АС Навигатор,,2025-08-14,2026-05-29 16:25:18,60385977 (Демидемоа Анна Демовна [user00002@sample.local])
9001091,Всего не закреплено ИНН за сотрудником с ролью B2B,За сотрудником с ролью B2B,1642359.0,1636839.0,,True,,False,,,,,Витрина Эффективности для команды МРМ. Виджет Всего не закреплено ИНН,,2024-01-31,2026-05-29 16:25:18,60385977 (Демидемоа Анна Демовна [user00002@sample.local])
9001238,Кол-во новых ФЛ на 1 сделку,Кол-во новых ФЛ на 1 сделку,1530917.0,,,True,,False,,,,,Для АС Навигатор,,2025-04-24,2026-05-29 16:25:18,60385977 (Демидемоа Анна Демовна [user00002@sample.local])
1000164,Общий ФОТ,Объем ФОТ,1790758.0,1636839.0,,True,,True,desc,,True,,Для отчета ФОТ в АС Инфопанель,,2024-01-31,2026-05-29 16:25:18,60385977 (Демидемоа Анна Демовна [user00002@sample.local])
2141087,Прирост доли рынка ФЛ ИП год к году (Интегральная ФЛ),Прирост доли рынка ФЛ ИП год к году (Интегральная ФЛ),,,,True,,False,,,,,Для отчета по доле рынка в АС Инфопанель,,2022-10-05,2026-05-29 16:25:18,60385977 (Демидемоа Анна Демовна [user00002@sample.local])
9001017,Портфель без НП (Реестр),Портфель без НП (Реестр),1782048.0,1851030.0,,True,,False,,,,,Для отчёта дерево ФОТ в АС Инфопанель,,2022-08-18,2026-05-29 16:25:18,60385977 (Демидемоа Анна Демовна [user00002@sample.local])
1020261,Портфель зарплатных ФЛ до ИНН КПЭ КИБ,Портфель зарплатных ФЛ до ИНН КПЭ КИБ,1791596.0,1636839.0,,True,,True,desc,True,True,,Для отчета Портфель ФЛ в АС Инфопанель,,2024-01-31,2026-05-29 16:25:18,60385977 (Демидемоа Анна Демовна [user00002@sample.local])
9001507,Доля отработки задач ММБ по зарплатным проектам (задачи по активации ЗП) в течение 30 дней,Доля отработки задач ММБ,1532200.0,,,True,,False,,,,,Для отчета КУБ в АС Инфопанель и МРМ,,2024-03-20,2026-05-29 16:25:18,60385977 (Демидемоа Анна Демовна [user00002@sample.local])
2141090,Прирост доли рынка ФЛ год к году (Интегральная ФЛ),Прирост доли рынка ФЛ год к году (Интегральная ФЛ),,,,True,,True,desc,,True,,Для отчета по доле рынка в АС Инфопанель,,2022-10-05,2026-05-29 16:25:18,60385977 (Демидемоа Анна Демовна [user00002@sample.local])
9001583,Резерв для МРМ,Резерв для МРМ,1532200.0,,,False,,False,,,,,Резерв для МРМ,,2024-02-29,2026-05-29 16:25:18,60385977 (Демидемоа Анна Демовна [user00002@sample.local])
9001090,Доля эффективных сотрудников (в людях),Доля эффективных сотрудников,1642359.0,,,True,,False,,,,,Для виджетов МРМ Эффективность,,2024-01-29,2026-05-29 16:25:18,60385977 (Демидемоа Анна Демовна [user00002@sample.local])
9001140,ФОТ для темпа роста силовой,ФОТ для темпа роста силовой,1791596.0,2033718.0,,True,,False,,,,,Для отчета Темпы роста в АС Инфопанель,,2024-09-12,2026-05-29 16:25:18,60385977 (Демидемоа Анна Демовна [user00002@sample.local])
9001197,Количество зачислений ЗП по полученным согласиям по продукту перевод на ЗП ролью ВСП,Количество зачислений ЗП по полученным согласиям по продукту перевод на ЗП ролью ВСП,1530917.0,,,True,,True,desc,,True,,Для АС Навигатор,,2025-02-18,2026-05-29 16:25:18,60385977 (Демидемоа Анна Демовна [user00002@sample.local])
9001293,ФЛ не вернулись в неподтвержденных оттоках,ФЛ не вернулись в неподтвержденных оттоках,1530917.0,1345134.0,,True,,False,,,True,,Для отчета по оттокам в АС Навигатор,,2025-08-24,2026-05-29 16:25:18,60385977 (Демидемоа Анна Демовна [user00002@sample.local])
9001236,Количество новых ФЛ в сделках по самостоятельным задачам КМ КБ,Количество новых ФЛ в сделках по самостоятельным задачам КМ КБ,1530917.0,,,True,,False,,,,,Для АС Навигатор,,2025-04-24,2026-05-29 16:25:18,60385977 (Демидемоа Анна Демовна [user00002@sample.local])
9001555,Резерв для МРМ,Резерв для МРМ,1532200.0,,,False,,False,,,,,Резерв для МРМ,,2024-02-29,2026-05-29 16:25:18,60385977 (Демидемоа Анна Демовна [user00002@sample.local])
9001046,Портфель ФЛ по холдингам,Портфель ФЛ по холдингам,,1636839.0,,True,,False,,,,,Для виджетов в АС Инфопанель,,2023-08-07,2026-05-29 16:25:18,60385977 (Демидемоа Анна Демовна [user00002@sample.local])
9001327,CHANGE Проекты Возврат B2B в работе,Количество change проектов направления работы с оттоком по каналу УЗП находящихся в работе,1530917.0,,,True,,False,,,False,,Для Водопада в АС Навигатор,,2026-01-23,2026-05-29 16:25:18,60385977 (Демидемоа Анна Демовна [user00002@sample.local])
9001246,Оседаемость новых ФЛ МЗП,Оседаемость новых ФЛ МЗП,1530917.0,,,True,,False,,,,,Для АС Навигатор,,2025-04-24,2026-05-29 16:25:18,60385977 (Демидемоа Анна Демовна [user00002@sample.local])
9001118,Количество новых договоров по образовательному кредиту,Количество новых договоров по образовательному кредиту,1157749.0,,,True,,False,,,,,Для отчета Карточка ВУЗ в АС Инфопанель,,2024-04-04,2026-05-29 16:25:18,60385977 (Демидемоа Анна Демовна [user00002@sample.local])
9001193,Количество согласий по которые не подверждены зачислениями ЗП,Количество согласий по которые не подверждены зачислениями ЗП,1530917.0,,,True,,True,desc,,True,,Для АС Навигатор,,2025-02-18,2026-05-29 16:25:18,60385977 (Демидемоа Анна Демовна [user00002@sample.local])
9001503,Закрепление базы зарплатных клиентов,Закрепление базы з/п клиентов,1532200.0,,,True,,False,,,,,Для отчета КУБ в АС Инфопанель и МРМ,,2024-03-20,2026-05-29 16:25:18,60385977 (Демидемоа Анна Демовна [user00002@sample.local])
1020114,Объем перечисленных денежных средств на зарплатные карты в рамках заключенных зарплатных договоров,Объем ФОТ,1642359.0,2007815.0,"tb, gosb, emp",True,млн. руб,False,,False,False,True,Для Новой мотивации МРМ Эффективность,,2026-04-20,2026-05-29 16:25:18,60385977 (Демидемоа Анна Демовна [user00002@sample.local])
9001568,Резерв для МРМ,Резерв для МРМ,1532200.0,,,False,,False,,,,,Резерв для МРМ,,2024-02-29,2026-05-29 16:25:18,60385977 (Демидемоа Анна Демовна [user00002@sample.local])
1000552,"Объем перечисленных денежных средств на зарплатные карты в рамках заключенных зарплатных договоров (сегменты Крупнейший бизнес, Клиенты машиностроения (предприятия ОПК),Госсектор)","Объем перечислений на зарплатные карты по ЗД (сегменты CIB, ОПК, РГС)",1530917.0,,,True,,False,,,,,Для отчета по оперфакту НП в АС Инфопанель,,2023-11-28,2026-05-29 16:25:18,60385977 (Демидемоа Анна Демовна [user00002@sample.local])
1000708,Общий портфель ФЛ (держатели ЗП карт),Общий портфель ФЛ (держатели ЗП карт),1530917.0,1530917.0,,True,,False,,,,,,,2022-05-30,2026-05-29 16:25:18,60385977 (Демидемоа Анна Демовна [user00002@sample.local])
9001301,Количество невзятых задач,Количество невзятых задач,,384103.0,,False,,False,,,False,,Для AI-агента по фактическим оттокам,,2025-10-09,2026-05-29 16:25:18,60385977 (Демидемоа Анна Демовна [user00002@sample.local])
9001594,Резерв для МРМ,Резерв для МРМ,1532200.0,,,False,,False,,,,,Резерв для МРМ,,2024-02-29,2026-05-29 16:25:18,60385977 (Демидемоа Анна Демовна [user00002@sample.local])
9001334,Достижение Крез по команде,Достижение Крез по команде,1642359.0,2007815.0,,True,Чел,False,,False,False,True,Для Сбол.ПРО Эффективность. Витрина показателей эффективности,,2026-02-24,2026-05-29 16:25:18,60385977 (Демидемоа Анна Демовна [user00002@sample.local])
12003658,Темпы роста объема ФОТ,Темпы роста объема ФОТ,1790758.0,1851030.0,,True,,False,,,,,Для отчета по темпам роста ФОТ в АС Инфопанель,,2022-05-30,2026-05-29 16:25:18,60385977 (Демидемоа Анна Демовна [user00002@sample.local])
9001256,Доля текучки в новом привлечении,Доля текучки в новом привлечении,1530917.0,,,True,,False,,,,,Для АС Навигатор,,2025-04-24,2026-05-29 16:25:18,60385977 (Демидемоа Анна Демовна [user00002@sample.local])
9001329,CHANGE Проекты Возврат B2B просрочены,Количество change проектов направления работы с оттоком по каналу УЗП находящихся в работе и срок по которым прошел,1530917.0,,,True,,False,,,False,,Для Водопада в АС Навигатор,,2026-01-23,2026-05-29 16:25:18,60385977 (Демидемоа Анна Демовна [user00002@sample.local])
1002509,"Количество новых физических лиц, по которым зафиксирован факт продажи продукта Оформление заявления на перевод заработной платы на счет, открытый в Сбербанке или как зарплатный",Продажи B2C,1530917.0,,,True,,False,,,,,Для отчета по оперфакту НП в АС Инфопанель,,2023-11-28,2026-05-29 16:25:18,60385977 (Демидемоа Анна Демовна [user00002@sample.local])
9901301,Количество невзятых задач,Количество невзятых задач,,384103.0,,False,,False,,,False,,Для AI-агента по фактическим оттокам,,2026-01-30,2026-05-29 16:25:18,60385977 (Демидемоа Анна Демовна [user00002@sample.local])
9001523,Выполнение норматива по выдаче карт в компаниях с эмиссией 100+,Выполнение норматива по выдаче карт в компаниях с эмиссией 100+,1532200.0,,,True,,False,,,,,Для отчета Карточка ВУЗ в АС Инфопанель,,2024-04-03,2026-05-29 16:25:18,60385977 (Демидемоа Анна Демовна [user00002@sample.local])
9001058,Количество новых физических лиц (Оперфакт),Количество новых физических лиц (Оперфакт),,,,True,,False,,,,,Для отчета по оперфакту НП в АС Инфопанель,,2023-11-28,2026-05-29 16:25:18,60385977 (Демидемоа Анна Демовна [user00002@sample.local])
9001290,Доля в портфеле территории,Доля в портфеле территории,1530917.0,1345134.0,,True,,False,,,True,,Для отчета по оттокам в АС Навигатор,,2025-08-21,2026-05-29 16:25:18,60385977 (Демидемоа Анна Демовна [user00002@sample.local])
9001231,Количество новых ФЛ в сделках по самостоятельным задачам МЗП/СЗП,Количество новых ФЛ в сделках по самостоятельным задачам МЗП/СЗП,1530917.0,,,True,,False,,,,,Для АС Навигатор,,2025-04-24,2026-05-29 16:25:18,60385977 (Демидемоа Анна Демовна [user00002@sample.local])
9001264,Доля эффективно расходованных средств по РСЗП,Доля эффективно расходованных средств по РСЗП,1530917.0,,,True,,False,,,,,Для АС Навигатор,,2025-04-24,2026-05-29 16:25:18,60385977 (Демидемоа Анна Демовна [user00002@sample.local])
1000748,"Количество УП, проданных МЗП",Количество УП,1530917.0,,,True,,False,,,,,Для отчета по оперфакту НП в АС Инфопанель,,2023-11-28,2026-05-29 16:25:18,60385977 (Демидемоа Анна Демовна [user00002@sample.local])
9001130,Коэффициент выполнения плана по показателю ФОТ КПЭ,КОценка ФОТ КПЭ,1575385.0,2033718.0,,True,,False,,,,,Для отчета Общий ФОТ в АС Инфопанель,,2024-09-06,2026-05-29 16:25:18,60385977 (Демидемоа Анна Демовна [user00002@sample.local])
9901282,Повторяющийся отток ФЛ,Повторяющийся отток ФЛ,1530917.0,1345134.0,,True,,False,,,True,,Для отчета по оттокам в АС Навигатор,,2026-01-30,2026-05-29 16:25:18,60385977 (Демидемоа Анна Демовна [user00002@sample.local])
9001545,Резерв для МРМ,Резерв для МРМ,1532200.0,,,False,,False,,,,,Резерв для МРМ,,2024-02-29,2026-05-29 16:25:18,60385977 (Демидемоа Анна Демовна [user00002@sample.local])
9001567,Резерв для МРМ,Резерв для МРМ,1532200.0,,,False,,False,,,,,Резерв для МРМ,,2024-02-29,2026-05-29 16:25:18,60385977 (Демидемоа Анна Демовна [user00002@sample.local])
9001500,Качество управления бизнесом Зарплатные проекты,Качество управления бизнесом,1532200.0,,,True,,False,,,,,Для отчета КУБ в АС Инфопанель и МРМ,,2024-03-20,2026-05-29 16:25:18,60385977 (Демидемоа Анна Демовна [user00002@sample.local])
9001561,Резерв для МРМ,Резерв для МРМ,1532200.0,,,False,,False,,,,,Резерв для МРМ,,2024-02-29,2026-05-29 16:25:18,60385977 (Демидемоа Анна Демовна [user00002@sample.local])
9001015,Портфель без НП,Портфель без НП,1782048.0,1851030.0,,True,,False,,,,,Для отчёта дерево ФОТ в АС Инфопанель,,2022-08-18,2026-05-29 16:25:18,60385977 (Демидемоа Анна Демовна [user00002@sample.local])
2141060,Доля рынка ФЛ (Интегральная ФЛ),Доля рынка ФЛ (Интегральная ФЛ),,,,True,,True,desc,,True,,Для отчета по доле рынка в АС Инфопанель,,2022-10-05,2026-05-29 16:25:18,60385977 (Демидемоа Анна Демовна [user00002@sample.local])
9001173,Кол-во новых ФЛ пришедших на обслуживание через технологию привлечения b2c,Кол-во новых ФЛ пришедших на обслуживание через технологию привлечения b2c,1530917.0,,,True,,True,desc,,True,,Для АС Навигатор,,2025-02-18,2026-05-29 16:25:18,60385977 (Демидемоа Анна Демовна [user00002@sample.local])
9001240,Кол-во новых ФЛ на 1 сделку КМ РГС,Кол-во новых ФЛ на 1 сделку КМ РГС,1530917.0,,,True,,False,,,,,Для АС Навигатор,,2025-04-24,2026-05-29 16:25:18,60385977 (Демидемоа Анна Демовна [user00002@sample.local])
9901297,Доля от оттока от портфеля ФЛ,Доля от оттока от портфеля ФЛ,,384103.0,,False,,False,,,False,,Для AI-агента по фактическим оттокам,,2026-01-30,2026-05-29 16:25:18,60385977 (Демидемоа Анна Демовна [user00002@sample.local])
9001576,Резерв для МРМ,Резерв для МРМ,1532200.0,,,False,,False,,,,,Резерв для МРМ,,2024-02-29,2026-05-29 16:25:18,60385977 (Демидемоа Анна Демовна [user00002@sample.local])
9001033,"Отток ФЛ, факт","Отток ФЛ, факт",1530917.0,1798458.0,,True,,True,asc,,True,,Для виджетов в АС Инфопанель,,2023-07-25,2026-05-29 16:25:18,60385977 (Демидемоа Анна Демовна [user00002@sample.local])
9001013,Количество получателей для запуска ЗД,Количество получателей для запуска ЗД,760696.0,1798458.0,,True,,False,,,,,Для отчёта по запуску ЗД в АС Инфопанель,,2022-08-17,2026-05-29 16:25:18,60385977 (Демидемоа Анна Демовна [user00002@sample.local])
9001316,CHANGE Проекты КМ+МЗП исполнены,Количество change проектов по каналу УЗП выполненых на 100%,1530917.0,,,True,,False,,,False,,Для Водопада в АС Навигатор,,2026-01-23,2026-05-29 16:25:18,60385977 (Демидемоа Анна Демовна [user00002@sample.local])
9001059,Фот для доли,Фот для доли,1791596.0,,,True,,False,,,,,Детализация общего ФОТ в доле/не в доле,,2024-01-16,2026-05-29 16:25:18,60385977 (Демидемоа Анна Демовна [user00002@sample.local])
9001539,Качество отработки Централизованных задач по оттокам,Качество отработки Централизованных задач по оттокам,1532200.0,2007815.0,,True,,False,,,,,Для отчета КУБ в АС Инфопанель и МРМ,,2025-10-01,2026-05-29 16:25:18,60385977 (Демидемоа Анна Демовна [user00002@sample.local])
9001217,Кол-во новых ФЛ на 1 СЗП,Кол-во новых ФЛ на 1 СЗП,1530917.0,,,True,,False,,,,,Для АС Навигатор,,2025-04-24,2026-05-29 16:25:18,60385977 (Демидемоа Анна Демовна [user00002@sample.local])
9001051,Прирост НП к месяцу предыдущего года (%),Прирост НП к месяцу предыдущего года (%),,1636839.0,,True,,False,,,,,Для виджетов в АС Инфопанель,,2023-09-14,2026-05-29 16:25:18,60385977 (Демидемоа Анна Демовна [user00002@sample.local])
9001004,Новые получатели в актуальной методологии,Новые получатели в актуальной методологии,1782048.0,1782048.0,,True,,False,,,,,Для отчета Новые получатели по сегментам,,2022-07-27,2026-05-29 16:25:18,60385977 (Демидемоа Анна Демовна [user00002@sample.local])
9001577,Резерв для МРМ,Резерв для МРМ,1532200.0,,,False,,False,,,,,Резерв для МРМ,,2024-02-29,2026-05-29 16:25:18,60385977 (Демидемоа Анна Демовна [user00002@sample.local])
9001595,Резерв для МРМ,Резерв для МРМ,1532200.0,,,False,,False,,,,,Резерв для МРМ,,2024-02-29,2026-05-29 16:25:18,60385977 (Демидемоа Анна Демовна [user00002@sample.local])
9001591,Резерв для МРМ,Резерв для МРМ,1532200.0,,,False,,False,,,,,Резерв для МРМ,,2024-02-29,2026-05-29 16:25:18,60385977 (Демидемоа Анна Демовна [user00002@sample.local])
9001003,Портфель ФЛ по перезакреплению CIB,Портфель ФЛ по перезакреплению CIB,1782048.0,1798458.0,,True,,False,,,,,Для отчета по перетокам CIB в АС Инфопанель,"2021-09-30,2022-05-31",2022-08-18,2026-05-29 16:25:18,60385977 (Демидемоа Анна Демовна [user00002@sample.local])
9001189,Доля согласий относительно консультаций по продукту перевод на ЗП оформленных ролью СЗП,Доля согласий относительно консультаций по продукту перевод на ЗП оформленных ролью СЗП,1530917.0,,,True,,True,desc,,True,,Для АС Навигатор,,2025-02-18,2026-05-29 16:25:18,60385977 (Демидемоа Анна Демовна [user00002@sample.local])
9001315,CHANGE Проекты КМ+МЗП в работе,Количество change проектов по каналу УЗП находящихся в работе,1530917.0,,,True,,False,,,False,,Для Водопада в АС Навигатор,,2026-01-23,2026-05-29 16:25:18,60385977 (Демидемоа Анна Демовна [user00002@sample.local])
9001021,ФОТ (ЕПП),ФОТ (ЕПП),1782048.0,1851030.0,,True,,False,,,,,Для отчёта дерево ФОТ в АС Инфопанель,,2022-08-18,2026-05-29 16:25:18,60385977 (Демидемоа Анна Демовна [user00002@sample.local])
9001311,RUN Привлечение ВСП,Количество новых клиентов получателей заработной платы привлеченных по технологиии  b2c сотрудниками сети ВСП через перевод на ЗП,1530917.0,,,True,,False,,,False,,Для Водопада в АС Навигатор,,2026-01-23,2026-05-29 16:25:18,60385977 (Демидемоа Анна Демовна [user00002@sample.local])
9001242,Кол-во новых ФЛ на 1 сделку КМ ММБ,Кол-во новых ФЛ на 1 сделку КМ ММБ,1530917.0,,,True,,False,,,,,Для АС Навигатор,,2025-04-24,2026-05-29 16:25:18,60385977 (Демидемоа Анна Демовна [user00002@sample.local])
9001552,Резерв для МРМ,Резерв для МРМ,1532200.0,,,False,,False,,,,,Резерв для МРМ,,2024-02-29,2026-05-29 16:25:18,60385977 (Демидемоа Анна Демовна [user00002@sample.local])
2141077,Объем рынка СБ для расчета доли рынка ФОТ(числитель) (Интегральная ФОТ),Объем рынка СБ для расчета доли рынка ФОТ(числитель) (Интегральная ФОТ),,,,True,,False,,,,,Для отчета по доле рынка в АС Инфопанель,,2022-10-05,2026-05-29 16:25:18,60385977 (Демидемоа Анна Демовна [user00002@sample.local])
9001108,ФОТ до ИНН,ФОТ до ИНН,1157749.0,,,True,,False,,,,,Для отчета Карточка ВУЗ в АС Инфопанель,,2024-04-04,2026-05-29 16:25:18,60385977 (Демидемоа Анна Демовна [user00002@sample.local])
2141101,Прирост доли рынка ФОТ без янв и дек ИП год к году (Интегральная без янв и дек),Прирост доли рынка ФОТ без янв и дек ИП год к году (Интегральная без янв и дек),,,,True,,False,,,,,Для отчета по доле рынка в АС Инфопанель,,2022-10-05,2026-05-29 16:25:18,60385977 (Демидемоа Анна Демовна [user00002@sample.local])
9001114,Платежные сервисы,Платежные сервисы,1157749.0,,,True,,False,,,,,Для отчета Карточка ВУЗ в АС Инфопанель,,2024-04-04,2026-05-29 16:25:18,60385977 (Демидемоа Анна Демовна [user00002@sample.local])
9001335,Количество новых получателей по продажам b2b,Количество новых получателей по продажам b2b,1530917.0,,,True,,False,,,False,,Для Водопада в АС Навигатор,,2026-03-16,2026-05-29 16:25:18,60385977 (Демидемоа Анна Демовна [user00002@sample.local])
9001218,Кол-во новых ФЛ на 1 ВСП,Кол-во новых ФЛ на 1 ВСП,1530917.0,,,True,,False,,,,,Для АС Навигатор,,2025-04-24,2026-05-29 16:25:18,60385977 (Демидемоа Анна Демовна [user00002@sample.local])
9001023,Количество выдач по БПА,Количество выдач по БПА,1543465.0,1798458.0,,True,,False,,,,,Для отчёта БПА в АС Инфопанель,,2022-09-22,2026-05-29 16:25:18,60385977 (Демидемоа Анна Демовна [user00002@sample.local])
9002006,Количество НП по задачам,Количество НП по задачам,1150387.0,1636839.0,,True,,True,desc,,,,Для виджета по Воронке продаж,,2024-12-04,2026-05-29 16:25:18,60385977 (Демидемоа Анна Демовна [user00002@sample.local])
9901286,Доля взятых,Доля взятых,1530917.0,1345134.0,,True,,False,,,True,,Для отчета по оттокам в АС Навигатор,,2026-01-30,2026-05-29 16:25:18,60385977 (Демидемоа Анна Демовна [user00002@sample.local])
9001518,Работа с сегментом ММБ,Работа с сегментом ММБ,1532200.0,,,True,,False,,,,,Для отчета КУБ в АС Инфопанель и МРМ,,2024-03-20,2026-05-29 16:25:18,60385977 (Демидемоа Анна Демовна [user00002@sample.local])
9001342,Количество новых ФЛ по каналу digital,Количество новых ФЛ по каналу digital,1530917.0,,,True,,False,,,False,,Для Водопада в АС Навигатор,,2026-03-16,2026-05-29 16:25:18,60385977 (Демидемоа Анна Демовна [user00002@sample.local])
9001537,Конвертация централизованных задач ММБ (активация новых договоров и расширение по неключевым клиентам),Конвертация централизованных задач ММБ (активация новых договоров и расширение по неключевым клиентам),1532200.0,2007815.0,,True,,False,,,,,Для отчета КУБ в АС Инфопанель и МРМ,,2025-05-02,2026-05-29 16:25:18,60385977 (Демидемоа Анна Демовна [user00002@sample.local])
9001309,RUN Привлечение КМ,Количество новых клиентов получателей заработной платы привлеченных по технологиии  b2b инициатор КМ,1530917.0,,,True,,False,,,False,,Для Водопада в АС Навигатор,,2026-01-23,2026-05-29 16:25:18,60385977 (Демидемоа Анна Демовна [user00002@sample.local])
9001224,Количество централизованных задач отработанных КМ КБ с согласием ,Количество централизованных задач отработанных КМ КБ с согласием ,1530917.0,,,True,,False,,,,,Для АС Навигатор,,2025-04-24,2026-05-29 16:25:18,60385977 (Демидемоа Анна Демовна [user00002@sample.local])
9001188,Количество полученных согласий по продукту перевод на ЗП ролью СЗП,Количество полученных согласий по продукту перевод на ЗП ролью СЗП,1530917.0,,,True,,True,desc,,True,,Для АС Навигатор,,2025-02-18,2026-05-29 16:25:18,60385977 (Демидемоа Анна Демовна [user00002@sample.local])
9001310,RUN Привлечение Digital,Количество новых клиентов получателей заработной платы привлеченных по технологиии  b2c в рамках акций CX,1530917.0,,,True,,False,,,False,,Для Водопада в АС Навигатор,,2026-01-23,2026-05-29 16:25:18,60385977 (Демидемоа Анна Демовна [user00002@sample.local])
9001326,CHANGE Проекты ВСП просрочены,Количество change проектов по каналу ВСП находящихся в работе и срок по которым прошел,1530917.0,,,True,,False,,,False,,Для Водопада в АС Навигатор,,2026-01-23,2026-05-29 16:25:18,60385977 (Демидемоа Анна Демовна [user00002@sample.local])
9001549,Резерв для МРМ,Резерв для МРМ,1532200.0,,,False,,False,,,,,Резерв для МРМ,,2024-02-29,2026-05-29 16:25:18,60385977 (Демидемоа Анна Демовна [user00002@sample.local])
9001235,Доля самостоятельных задач КМ КБ с согласием,Доля самостоятельных задач КМ КБ с согласием,1530917.0,,,True,,False,,,,,Для АС Навигатор,,2025-04-24,2026-05-29 16:25:18,60385977 (Демидемоа Анна Демовна [user00002@sample.local])
9001519,Блок СБОЛ.про,Блок СБОЛ.про,1532200.0,,,True,,False,,,,,Для отчета КУБ в АС Инфопанель и МРМ,,2024-03-20,2026-05-29 16:25:18,60385977 (Демидемоа Анна Демовна [user00002@sample.local])
2141079,Прирост доли рынка ФОТ год к году (Интегральная ФОТ),Прирост доли рынка ФОТ год к году (Интегральная ФОТ),,,,True,,False,,,,,Для отчета по доле рынка в АС Инфопанель,,2022-10-05,2026-05-29 16:25:18,60385977 (Демидемоа Анна Демовна [user00002@sample.local])
9001599,Резерв для МРМ,Резерв для МРМ,1532200.0,,,False,,False,,,,,Резерв для МРМ,,2024-02-29,2026-05-29 16:25:18,60385977 (Демидемоа Анна Демовна [user00002@sample.local])
9001269,Количество непроизводительных МЗП,Количество непроизводительных МЗП,1530917.0,,,True,,True,asc,,,,Для АС Навигатор,,2025-05-14,2026-05-29 16:25:18,60385977 (Демидемоа Анна Демовна [user00002@sample.local])
12400196,Количество уникальных получателей до ИНН (все перечисления),Количество уникальных получателей до ИНН (все перечисления),1782048.0,1851030.0,,True,,True,desc,,True,,Для отчета по уникальным получателям в АС Инфопанель,,2022-05-30,2026-05-29 16:25:18,60385977 (Демидемоа Анна Демовна [user00002@sample.local])
2141073,Объем рынка СБ для расчета доли рынка ФОТ ИП(числитель) (Интегральная ФОТ),Объем рынка СБ для расчета доли рынка ФОТ ИП(числитель) (Интегральная ФОТ),,,,True,,False,,,,,Для отчета по доле рынка в АС Инфопанель,,2022-10-05,2026-05-29 16:25:18,60385977 (Демидемоа Анна Демовна [user00002@sample.local])
9001219,Кол-во новых ФЛ на 1 МВС,Кол-во новых ФЛ на 1 МВС,1530917.0,,,True,,False,,,,,Для АС Навигатор,,2025-04-24,2026-05-29 16:25:18,60385977 (Демидемоа Анна Демовна [user00002@sample.local])
9001093,Всего сделок по ЗД,Всего сделок по ЗД,1642359.0,1636839.0,,True,,False,,,,,Витрина Эффективности для команды МРМ. Виджет Ожидаемый потенциал по сделкам,,2024-01-31,2026-05-29 16:25:18,60385977 (Демидемоа Анна Демовна [user00002@sample.local])
9001174,Кол-во новых ФЛ пришедших на обслуживание через технологию привлечения b2c через консультацию СЗП,Кол-во новых ФЛ пришедших на обслуживание через технологию привлечения b2c через консультацию СЗП,1530917.0,,,True,,True,desc,,True,,Для АС Навигатор,,2025-02-18,2026-05-29 16:25:18,60385977 (Демидемоа Анна Демовна [user00002@sample.local])
1001140,Общий портфель физических лиц по закрепленным клиентам,Портфель ФЛ,1530917.0,,,True,,False,,,,,Для отчета по оперфакту НП в АС Инфопанель,,2023-11-28,2026-05-29 16:25:18,60385977 (Демидемоа Анна Демовна [user00002@sample.local])
9001241,Кол-во новых ФЛ на 1 сделку КМ КСБ,Кол-во новых ФЛ на 1 сделку КМ КСБ,1530917.0,,,True,,False,,,,,Для АС Навигатор,,2025-04-24,2026-05-29 16:25:18,60385977 (Демидемоа Анна Демовна [user00002@sample.local])
9001138,Общий ФОТ силовой,Общий ФОТ силовой,1791596.0,2033718.0,,True,,False,,,,,Для отчета Общий ФОТ в АС Инфопанель,,2024-09-12,2026-05-29 16:25:18,60385977 (Демидемоа Анна Демовна [user00002@sample.local])
9001057,Доля эффективных сотрудников (Оперфакт),Доля эффективных сотрудников (Оперфакт),,,,True,,False,,,,,Для отчета по оперфакту НП в АС Инфопанель,,2023-11-28,2026-05-29 16:25:18,60385977 (Демидемоа Анна Демовна [user00002@sample.local])
1002508,Количество новых получателей по закрепленным клиентам проданных ММЗП,Количество новых получателей для роли СЗП,1530917.0,,,True,,False,,,,,Для отчета по оперфакту НП в АС Инфопанель,,2023-11-28,2026-05-29 16:25:18,60385977 (Демидемоа Анна Демовна [user00002@sample.local])
9001514,"Доля сотрудников, выполняющих норматив по доле привлечения НФЛ в ЗП предприятиях с оформленной активностью (продажи B2C УЗП)",Норматив по привлечению клиентов в з/п предприятиях с активностью (доля СЗП),1532200.0,,,True,,False,,,,,Для отчета КУБ в АС Инфопанель и МРМ,,2024-03-20,2026-05-29 16:25:18,60385977 (Демидемоа Анна Демовна [user00002@sample.local])
9001343,Количество новых ФЛ по каналу маркетинг,Количество новых ФЛ по каналу маркетинг,1530917.0,,,True,,False,,,False,,Для Водопада в АС Навигатор,,2026-03-16,2026-05-29 16:25:18,60385977 (Демидемоа Анна Демовна [user00002@sample.local])
9001272,Количество презентаций,Количество презентаций,1530917.0,,,True,,False,,,,,Для агрегата метрик отчета ФОТ через ВСП в АС Инфопанель,,2025-06-05,2026-05-29 16:25:18,60385977 (Демидемоа Анна Демовна [user00002@sample.local])
9001102,Фактический отток в ФЛ,Фактический отток,1642359.0,1636839.0,,True,,False,,,,,Витрина Эффективности для команды МРМ. Виджет Управление оттоками,,2024-01-31,2026-05-29 16:25:18,60385977 (Демидемоа Анна Демовна [user00002@sample.local])
9001322,CHANGE Проекты Digital исполнены,Количество change проектов по сегменту Рабочий возраст выполненых на 100%,1530917.0,,,True,,False,,,False,,Для Водопада в АС Навигатор,,2026-01-23,2026-05-29 16:25:18,60385977 (Демидемоа Анна Демовна [user00002@sample.local])
9001194,Количество консультаций по продукту перевод на ЗП ролью ВСП,Количество консультаций по продукту перевод на ЗП ролью ВСП,1530917.0,,,True,,True,desc,,True,,Для АС Навигатор,,2025-02-18,2026-05-29 16:25:18,60385977 (Демидемоа Анна Демовна [user00002@sample.local])
9001570,Резерв для МРМ,Резерв для МРМ,1532200.0,,,False,,False,,,,,Резерв для МРМ,,2024-02-29,2026-05-29 16:25:18,60385977 (Демидемоа Анна Демовна [user00002@sample.local])
10903254,Общее количество РСЗП,Общее количество РСЗП,1737120.0,,,True,,False,,,,,Для ИСУ,,2025-03-03,2026-05-29 16:25:18,60385977 (Демидемоа Анна Демовна [user00002@sample.local])
12400201,Количество уникальных получателей без изменения сегмента из Базы планирования до ИНН (все перечисления),Количество уникальных получателей без изменения сегмента из Базы планирования до ИНН (все перечисления),,,,True,,True,desc,True,False,False,,,2025-03-12,2026-05-29 16:25:18,60385977 (Демидемоа Анна Демовна [user00002@sample.local])
9001072,Выданные карты на выезде без учета выходных и праздничных дней,Выданные карты на выезде без учета выходных и праздничных дней,42646.0,,,True,,False,,,,,Для отчета ЖУЦ в АС Инфопанель,,2024-01-19,2026-05-29 16:25:18,60385977 (Демидемоа Анна Демовна [user00002@sample.local])
2141099,Объем рынка СБ для расчета доли рынка ФОТ без янв и дек ИП(числитель) (Интегральная без янв и дек),Объем рынка СБ для расчета доли рынка ФОТ без янв и дек ИП(числитель) (Интегральная без янв и дек),,,,True,,False,,,,,Для отчета по доле рынка в АС Инфопанель,,2022-10-05,2026-05-29 16:25:18,60385977 (Демидемоа Анна Демовна [user00002@sample.local])
9001215,Кол-во новых ФЛ на 1 КМ CIB,Кол-во новых ФЛ на 1 КМ CIB,1530917.0,,,True,,False,,,,,Для АС Навигатор,,2025-04-24,2026-05-29 16:25:18,60385977 (Демидемоа Анна Демовна [user00002@sample.local])
9901276,Всего оттоков ФЛ,Всего оттоков ФЛ,1530917.0,1345134.0,,True,,False,,,True,,Для отчета по оттокам в АС Навигатор,,2026-01-30,2026-05-29 16:25:18,60385977 (Демидемоа Анна Демовна [user00002@sample.local])
9001510,"Доля сотрудников, выполняющих норматив по среднему кол-во активностей в день с типом Встреча (в СБОЛ.про B2B и B2C УЗП)","Доля МЗП, выполняющих норматив 2 встречи в день",1532200.0,2007815.0,,True,,False,,,,,Для отчета КУБ в АС Инфопанель и МРМ,,2024-10-17,2026-05-29 16:25:18,60385977 (Демидемоа Анна Демовна [user00002@sample.local])
10001641,ФОТ для темпа роста,ФОТ для темпа роста,1790758.0,1851030.0,,True,,False,,,,,Для отчета по темпам роста ФОТ в АС Инфопанель,,2022-05-30,2026-05-29 16:25:18,60385977 (Демидемоа Анна Демовна [user00002@sample.local])
9001115,Торговый Эквайринг,Торговый Эквайринг,1157749.0,,,True,,False,,,,,Для отчета Карточка ВУЗ в АС Инфопанель,,2024-04-04,2026-05-29 16:25:18,60385977 (Демидемоа Анна Демовна [user00002@sample.local])
2141078,Объем рынка Росстат для расчета доли рынка ФОТ(знаменатель) (Интегральная ФОТ),Объем рынка Росстат для расчета доли рынка ФОТ(знаменатель) (Интегральная ФОТ),,,,True,,False,,,,,Для отчета по доле рынка в АС Инфопанель,,2022-10-05,2026-05-29 16:25:18,60385977 (Демидемоа Анна Демовна [user00002@sample.local])
9001136,Количество уникальных получателей до ГОСБ (все перечисления) силовые,Количество уникальных получателей до ГОСБ (все перечисления) силовые,1791596.0,2033718.0,,True,,False,,,,,Для отчета Уникальные получатели в АС Инфопанель,,2024-09-12,2026-05-29 16:25:18,60385977 (Демидемоа Анна Демовна [user00002@sample.local])
9001292,Отток ФЛ неподтвержденный,Отток ФЛ неподтвержденный,1530917.0,1345134.0,,True,,False,,,True,,Для отчета по оттокам в АС Навигатор,,2025-08-23,2026-05-29 16:25:18,60385977 (Демидемоа Анна Демовна [user00002@sample.local])
9002012,Факт выпущено карт,Факт выпущено карт,1150387.0,1636839.0,,True,,False,,,,,Для виджета по прогнозу по сделкам,,2024-12-04,2026-05-29 16:25:18,60385977 (Демидемоа Анна Демовна [user00002@sample.local])
9001116,Интрнет эквайринг,Интрнет эквайринг,1157749.0,,,True,,False,,,,,Для отчета Карточка ВУЗ в АС Инфопанель,,2024-04-04,2026-05-29 16:25:18,60385977 (Демидемоа Анна Демовна [user00002@sample.local])
9001540,Доля продаж B2C  в выполнении норматива СЗП,Доля продаж B2C  в выполнении норматива СЗП,1532200.0,2007815.0,,True,,False,,,,,Для отчета КУБ в АС Инфопанель и МРМ,,2025-10-01,2026-05-29 16:25:18,60385977 (Демидемоа Анна Демовна [user00002@sample.local])
2141100,Объем рынка Росстат для расчета доли рынка ФОТ без янв и дек ИП(знаменатель) (Интегральная без янв и дек),Объем рынка Росстат для расчета доли рынка ФОТ без янв и дек ИП(знаменатель) (Интегральная без янв и дек),,,,True,,False,,,,,Для отчета по доле рынка в АС Инфопанель,,2022-10-05,2026-05-29 16:25:18,60385977 (Демидемоа Анна Демовна [user00002@sample.local])
9001045,Прирост ФОТ к месяцу предыдущего года (%),Прирост ФОТ к месяцу предыдущего года (%),,1636839.0,,True,,False,,,,,Для виджетов в АС Инфопанель,,2023-08-07,2026-05-29 16:25:18,60385977 (Демидемоа Анна Демовна [user00002@sample.local])
9001099,Ежедневный отток ЮЛ,Ежедневный,1642359.0,1636839.0,,True,,False,,,,,Витрина Эффективности для команды МРМ. Виджет Управление оттоками,,2024-01-31,2026-05-29 16:25:18,60385977 (Демидемоа Анна Демовна [user00002@sample.local])
9001308,RUN Привлечение КМ+МЗП,Количество новых клиентов получателей заработной платы привлеченных по технологиии  b2b инициатор МЗП или СЗП,1530917.0,,,True,,False,,,False,,Для Водопада в АС Навигатор,,2026-01-23,2026-05-29 16:25:18,60385977 (Демидемоа Анна Демовна [user00002@sample.local])
9001094,Нереализованный потенциал по ЗД,Нереализованный потенциал,1642359.0,1636839.0,,True,,False,,,,,Витрина Эффективности для команды МРМ. Виджет Ожидаемый потенциал по сделкам,,2024-01-31,2026-05-29 16:25:18,60385977 (Демидемоа Анна Демовна [user00002@sample.local])
9001216,Кол-во новых ФЛ на 1 КМ ОПК,Кол-во новых ФЛ на 1 КМ ОПК,1530917.0,,,True,,False,,,,,Для АС Навигатор,,2025-04-24,2026-05-29 16:25:18,60385977 (Демидемоа Анна Демовна [user00002@sample.local])
9001237,Количество новых ФЛ по самостоятельным задачам КМ КБ,Количество новых ФЛ по самостоятельным задачам КМ КБ,1530917.0,,,True,,False,,,,,Для АС Навигатор,,2025-04-24,2026-05-29 16:25:18,60385977 (Демидемоа Анна Демовна [user00002@sample.local])
9002005,Количество НФЛ по задачам,Количество НФЛ по задачам,1150387.0,1636839.0,,True,,True,desc,,True,,Для виджета по Воронке продаж,,2024-12-04,2026-05-29 16:25:18,60385977 (Демидемоа Анна Демовна [user00002@sample.local])
9001120,ФЛ с потребительским кредитом,ФЛ с потребительским кредитом,1157749.0,,,True,,False,,,,,Для отчета Карточка ВУЗ в АС Инфопанель,,2024-04-04,2026-05-29 16:25:18,60385977 (Демидемоа Анна Демовна [user00002@sample.local])
9001582,Резерв для МРМ,Резерв для МРМ,1532200.0,,,False,,False,,,,,Резерв для МРМ,,2024-02-29,2026-05-29 16:25:18,60385977 (Демидемоа Анна Демовна [user00002@sample.local])
9001297,Доля от оттока от портфеля ФЛ,Доля от оттока от портфеля ФЛ,,384103.0,,False,,False,,,False,,Для AI-агента по фактическим оттокам,,2025-10-09,2026-05-29 16:25:18,60385977 (Демидемоа Анна Демовна [user00002@sample.local])
9001248,Оседаемость новых ФЛ КМ КСБ,Оседаемость новых ФЛ КМ КСБ,1530917.0,,,True,,False,,,,,Для АС Навигатор,,2025-04-24,2026-05-29 16:25:18,60385977 (Демидемоа Анна Демовна [user00002@sample.local])
9001170,Кол-во новых ФЛ пришедших на обслуживание через технологию привлечения b2b через сделки КМ ММБ,Кол-во новых ФЛ пришедших на обслуживание через технологию привлечения b2b через сделки КМ ММБ,1530917.0,,,True,,True,desc,,True,,Для АС Навигатор,,2025-02-18,2026-05-29 16:25:18,60385977 (Демидемоа Анна Демовна [user00002@sample.local])
9001014,Количество уникальных получателей (ЕПП),Количество уникальных получателей (ЕПП),1782048.0,1851030.0,,True,,False,,,,,Для отчёта дерево ФОТ в АС Инфопанель,,2022-08-18,2026-05-29 16:25:18,60385977 (Демидемоа Анна Демовна [user00002@sample.local])
9901284,ФЛ в невыставленных задачах,ФЛ в невыставленных задачах,1530917.0,1345134.0,,True,,False,,,True,,Для отчета по оттокам в АС Навигатор,,2026-01-30,2026-05-29 16:25:18,60385977 (Демидемоа Анна Демовна [user00002@sample.local])
9001180,Количество ФЛ в задачах по пропуску зачислений в контрольные даты выплаты аванаса и окончательного расчета внутри отчетного месяца,Количество ФЛ в задачах по пропуску зачислений в контрольные даты выплаты аванаса и окончательного расчета внутри отчетного месяца,1530917.0,,,True,,True,asc,,True,,Для АС Навигатор,,2025-02-18,2026-05-29 16:25:18,60385977 (Демидемоа Анна Демовна [user00002@sample.local])
9001034,"Отток ФЛ, изменение к прошлому месяцу","Отток ФЛ, изменение к прошлому месяцу",1530917.0,1798458.0,,True,,False,,,,,Для виджетов в АС Инфопанель,,2023-07-25,2026-05-29 16:25:18,60385977 (Демидемоа Анна Демовна [user00002@sample.local])
9001258,Доля текучки в новом привлечении КМ РГС,Доля текучки в новом привлечении КМ РГС,1530917.0,,,True,,False,,,,,Для АС Навигатор,,2025-04-24,2026-05-29 16:25:18,60385977 (Демидемоа Анна Демовна [user00002@sample.local])
1020389,Обьем ФОТ(по балансу),Обьем ФОТ(по балансу),1791596.0,1636839.0,,True,,True,desc,True,True,,Для отчета ФОТ в АС Инфопанель,,2024-01-31,2026-05-29 16:25:18,60385977 (Демидемоа Анна Демовна [user00002@sample.local])
9001331,CHANGE Проекты Возврат B2С исполнены,Количество change проектов направления работы с оттоком сегмента Рабочий возраст выполненых на 100%,1530917.0,,,True,,False,,,False,,Для Водопада в АС Навигатор,,2026-01-23,2026-05-29 16:25:18,60385977 (Демидемоа Анна Демовна [user00002@sample.local])
9001543,Резерв для МРМ,Резерв для МРМ,1532200.0,,,False,,False,,,,,Резерв для МРМ,,2024-02-29,2026-05-29 16:25:18,60385977 (Демидемоа Анна Демовна [user00002@sample.local])
9001312,RUN Привлечение Самоток,Количество новых клиентов получателей заработной платы по которым не были проведены меороприятия на привлеченгия продающей ролью или каналом,1530917.0,,,True,,False,,,False,,Для Водопада в АС Навигатор,,2026-01-23,2026-05-29 16:25:18,60385977 (Демидемоа Анна Демовна [user00002@sample.local])
9001506,Конвертация согласий по централизованным задачам УП в сделки с НФЛ,Конвертация согласий по ЦЗ в сделки с НФЛ,1532200.0,,,True,,False,,,,,Для отчета КУБ в АС Инфопанель и МРМ,,2024-03-20,2026-05-29 16:25:18,60385977 (Демидемоа Анна Демовна [user00002@sample.local])
9001209,Потери новых ФЛ по МЗП/СЗП,Потери новых ФЛ по МЗП/СЗП,1530917.0,,,True,,True,asc,,,,Для АС Навигатор,,2025-04-24,2026-05-29 16:25:18,60385977 (Демидемоа Анна Демовна [user00002@sample.local])
9001239,Кол-во новых ФЛ на 1 сделку МЗП,Кол-во новых ФЛ на 1 сделку МЗП,1530917.0,,,True,,False,,,,,Для АС Навигатор,,2025-04-24,2026-05-29 16:25:18,60385977 (Демидемоа Анна Демовна [user00002@sample.local])
9001027,"Оттоки ЮЛ, факт","Оттоки ЮЛ, факт",1530917.0,1798458.0,,True,,False,,,,,Для виджетов в АС Инфопанель,,2023-07-25,2026-05-29 16:25:18,60385977 (Демидемоа Анна Демовна [user00002@sample.local])
9001113,Количество банкоматов ,Количество банкоматов ,1157749.0,,,True,,False,,,,,Для отчета Карточка ВУЗ в АС Инфопанель,,2024-04-04,2026-05-29 16:25:18,60385977 (Демидемоа Анна Демовна [user00002@sample.local])
9001286,Доля взятых,Доля взятых,1530917.0,1345134.0,,True,,False,,,True,,Для отчета по оттокам в АС Навигатор,,2025-08-17,2026-05-29 16:25:18,60385977 (Демидемоа Анна Демовна [user00002@sample.local])
9001515,Доля выданных карт Momentum c зачислениями заработной платы,Доля выданных Momentum c зачислениями з/п,1532200.0,,,True,,False,,,,,Для отчета КУБ в АС Инфопанель и МРМ,,2024-03-20,2026-05-29 16:25:18,60385977 (Демидемоа Анна Демовна [user00002@sample.local])
9001065,Фот не в доле ИП с выплатой на одну карту,Фот вне доли ИП1,1791596.0,,,True,,False,,,,,Детализация общего ФОТ в доле/не в доле,,2023-01-16,2026-05-29 16:25:18,60385977 (Демидемоа Анна Демовна [user00002@sample.local])
9001011,Заключенные и запущенные зарплатные договора,Заключенные и запущенные зарплатные договора,760696.0,1798458.0,,True,,False,,,,,Для отчёта по запуску ЗД в АС Инфопанель,,2022-08-17,2026-05-29 16:25:18,60385977 (Демидемоа Анна Демовна [user00002@sample.local])
9001339,Количество новых получателей по ролям ЦКР,Количество новых получателей по ролям ЦКР,1530917.0,,,True,,False,,,False,,Для Водопада в АС Навигатор,,2026-03-16,2026-05-29 16:25:18,60385977 (Демидемоа Анна Демовна [user00002@sample.local])
9001284,ФЛ в невыставленных задачах,ФЛ в невыставленных задачах,1530917.0,1345134.0,,True,,False,,,True,,Для отчета по оттокам в АС Навигатор,,2025-08-15,2026-05-29 16:25:18,60385977 (Демидемоа Анна Демовна [user00002@sample.local])
9001245,Оседаемость новых ФЛ,Оседаемость новых ФЛ,1530917.0,,,True,,False,,,,,Для АС Навигатор,,2025-04-24,2026-05-29 16:25:18,60385977 (Демидемоа Анна Демовна [user00002@sample.local])
9001313,RUN Возврат B2B,Количество ФЛ вернувшихся на обслуживание в рамках отработки задач по технологии b2b,1530917.0,,,True,,False,,,False,,Для Водопада в АС Навигатор,,2026-01-23,2026-05-29 16:25:18,60385977 (Демидемоа Анна Демовна [user00002@sample.local])
9002004,Заявлено в сделках ФЛ,Заявлено в сделках ФЛ,1150387.0,1636839.0,,True,,True,desc,,True,,Для виджета по Воронке продаж,,2024-12-04,2026-05-29 16:25:18,60385977 (Демидемоа Анна Демовна [user00002@sample.local])
9001262,Доля текучки в новом привлечении КМ CIB,Доля текучки в новом привлечении КМ CIB,1530917.0,,,True,,False,,,,,Для АС Навигатор,,2025-04-24,2026-05-29 16:25:18,60385977 (Демидемоа Анна Демовна [user00002@sample.local])
9901287,Отработано ШТ,Отработано ШТ,1530917.0,1345134.0,,True,,False,,,True,,Для отчета по оттокам в АС Навигатор,,2026-01-30,2026-05-29 16:25:18,60385977 (Демидемоа Анна Демовна [user00002@sample.local])
2141093,Прирост доли рынка ФОТ без янв и дек год к году (Интегральная без янв и дек),Прирост доли рынка ФОТ без янв и дек год к году (Интегральная без янв и дек),,,,True,,False,,,,,Для отчета по доле рынка в АС Инфопанель,,2022-10-05,2026-05-29 16:25:18,60385977 (Демидемоа Анна Демовна [user00002@sample.local])
90010351,Возврат кол-во ФЛ,Возврат кол-во ФЛ,1530917.0,,,True,,True,desc,,,,Для АС Навигатор,,2025-04-03,2026-05-29 16:25:18,60385977 (Демидемоа Анна Демовна [user00002@sample.local])
12002018,Доля производительных МЗП,Доля производительных МЗП,1530917.0,1530917.0,,True,,False,,,,,,,2022-05-30,2026-05-29 16:25:18,60385977 (Демидемоа Анна Демовна [user00002@sample.local])
9001206,ТОП 3 холдинга оттока клиентов,ТОП 3 холдинга оттока клиентов,1530917.0,,,True,,False,,,,,Для АС Навигатор,,2025-04-24,2026-05-29 16:25:18,60385977 (Демидемоа Анна Демовна [user00002@sample.local])
90012082,Количество систематически неэффективных CЗП,Количество систематически неэффективных CЗП,1530917.0,,,True,,True,asc,,,,Для АС Навигатор,,2025-05-20,2026-05-29 16:25:18,60385977 (Демидемоа Анна Демовна [user00002@sample.local])
1004232,Текучесть первой линии по направлению зарплатные проекты (в процентах),Текучесть МЗП / СЗП,1737120.0,2007815.0,,True,%,False,,False,False,True,"Витрина Эффективности для команды МРМ. Мотивация НО, НУ, ИД, ДУ",,2026-03-18,2026-05-29 16:25:18,60385977 (Демидемоа Анна Демовна [user00002@sample.local])
12002035,Кол-во производительных МЗП,Кол-во производительных МЗП,,,,True,,False,,,,,,,2022-05-30,2026-05-29 16:25:18,60385977 (Демидемоа Анна Демовна [user00002@sample.local])
9001333,"Рост доли возвратов оттоков, выставляемых на МЗП/СЗП В2В","Рост доли возвратов оттоков, выставляемых на МЗП/СЗП В2В",1530917.0,,,True,,False,,,False,,Для АС Навигатор,,2026-02-13,2026-05-29 16:25:18,60385977 (Демидемоа Анна Демовна [user00002@sample.local])
9001043,ФОТ по холдингам,ФОТ по холдингам,,1636839.0,,True,,False,,,,,Для виджетов в АС Инфопанель,,2023-08-07,2026-05-29 16:25:18,60385977 (Демидемоа Анна Демовна [user00002@sample.local])
9001148,Темп роста портфеля в людях,Темп роста портфеля в людях,2119307.0,1636839.0,,True,,False,,,,,Для отчета Волга,,2024-11-19,2026-05-29 16:25:18,60385977 (Демидемоа Анна Демовна [user00002@sample.local])
9001071,Доля количества карт взятых на выезд по группе договоров,Доля количества карт взятых на выезд по группе договоров,42646.0,,,True,,False,,,,,Для отчета ЖУЦ в АС Инфопанель,,2024-01-19,2026-05-29 16:25:18,60385977 (Демидемоа Анна Демовна [user00002@sample.local])
9901289,Отток ФЛ Подтвержденный,Отток ФЛ Подтвержденный,1530917.0,1345134.0,,True,,False,,,True,,Для отчета по оттокам в АС Навигатор,,2026-01-30,2026-05-29 16:25:18,60385977 (Демидемоа Анна Демовна [user00002@sample.local])
9001134,Количество уникальных получателей до ИНН (все перечисления) силовые,Количество уникальных получателей до ИНН (все перечисления) силовые,1791596.0,2033718.0,,True,,False,,,,,Для отчета Уникальные получатели в АС Инфопанель,,2024-09-12,2026-05-29 16:25:18,60385977 (Демидемоа Анна Демовна [user00002@sample.local])
9001554,Резерв для МРМ,Резерв для МРМ,1532200.0,,,False,,False,,,,,Резерв для МРМ,,2024-02-29,2026-05-29 16:25:18,60385977 (Демидемоа Анна Демовна [user00002@sample.local])
9001573,Резерв для МРМ,Резерв для МРМ,1532200.0,,,False,,False,,,,,Резерв для МРМ,,2024-02-29,2026-05-29 16:25:18,60385977 (Демидемоа Анна Демовна [user00002@sample.local])
9001275,Доля от оформления,Доля от оформления,1530917.0,,,True,,False,,,,,Для агрегата метрик отчета ФОТ через ВСП в АС Инфопанель,,2025-06-05,2026-05-29 16:25:18,60385977 (Демидемоа Анна Демовна [user00002@sample.local])
9001107,Доля каналов заключения по сегментам,Доля каналов заключения по сегментам,2033718.0,2033718.0,,True,,False,,,,,Для отчёта по запуску ЗД в АС Инфопанель,,2024-02-05,2026-05-29 16:25:18,60385977 (Демидемоа Анна Демовна [user00002@sample.local])
9001117,Чистый опреационный доход,Чистый опреационный доход,1157749.0,,,True,,False,,,,,Для отчета Карточка ВУЗ в АС Инфопанель,,2024-04-04,2026-05-29 16:25:18,60385977 (Демидемоа Анна Демовна [user00002@sample.local])
9001586,Резерв для МРМ,Резерв для МРМ,1532200.0,,,False,,False,,,,,Резерв для МРМ,,2024-02-29,2026-05-29 16:25:18,60385977 (Демидемоа Анна Демовна [user00002@sample.local])
9001020,Средняя зарплата получателей (Реестр),Средняя зарплата получателей (Реестр),1782048.0,1851030.0,,True,,False,,,,,Для отчёта дерево ФОТ в АС Инфопанель,,2022-08-18,2026-05-29 16:25:18,60385977 (Демидемоа Анна Демовна [user00002@sample.local])
9001263,Выполнение плана по РСЗП,Выполнение плана по РСЗП,1530917.0,,,True,,False,,,,,Для АС Навигатор,,2025-04-24,2026-05-29 16:25:18,60385977 (Демидемоа Анна Демовна [user00002@sample.local])
9001012,ФОТ для запуска ЗД,ФОТ для запуска ЗД,760696.0,1798458.0,,True,,False,,,,,Для отчёта по запуску ЗД в АС Инфопанель,,2022-08-17,2026-05-29 16:25:18,60385977 (Демидемоа Анна Демовна [user00002@sample.local])
9001159,СР ЗП рынок,СР ЗП рынок,,,,True,,True,desc,,True,,Для отчета Волга,,2025-02-03,2026-05-29 16:25:18,60385977 (Демидемоа Анна Демовна [user00002@sample.local])
9001111,Портфель Студенты до ИНН,Портфель Студенты до ИНН,1157749.0,,,True,,False,,,,,Для отчета Карточка ВУЗ в АС Инфопанель,,2024-04-04,2026-05-29 16:25:18,60385977 (Демидемоа Анна Демовна [user00002@sample.local])
1003007,Количество новых физических лиц по закрепленным клиентам,Новые ФЛ,1530917.0,,,True,,True,desc,,True,,Для отчета по оперфакту НП в АС Инфопанель,,2023-11-28,2026-05-29 16:25:18,60385977 (Демидемоа Анна Демовна [user00002@sample.local])
9001154,Темп роста Y2Y СР ЗП текущий портфель,Темп роста Y2Y СР ЗП текущий портфель,,,,True,,False,,,,,Для отчета Волга,,2025-02-03,2026-05-29 16:25:18,60385977 (Демидемоа Анна Демовна [user00002@sample.local])
9001566,Резерв для МРМ,Резерв для МРМ,1532200.0,,,False,,False,,,,,Резерв для МРМ,,2024-02-29,2026-05-29 16:25:18,60385977 (Демидемоа Анна Демовна [user00002@sample.local])
9001598,Резерв для МРМ,Резерв для МРМ,1532200.0,,,False,,False,,,,,Резерв для МРМ,,2024-02-29,2026-05-29 16:25:18,60385977 (Демидемоа Анна Демовна [user00002@sample.local])
9001513,"Доля сотрудников, выполняющих норматив по конвертации согласий в учтенную продажу (B2C УЗП)",Норматив по конвертации согласий в учтенную продажу (доля СЗП),1532200.0,,,True,,False,,,,,Для отчета КУБ в АС Инфопанель и МРМ,,2024-03-20,2026-05-29 16:25:18,60385977 (Демидемоа Анна Демовна [user00002@sample.local])
10903479,Отток ФЛ от 100 до 199 ФЛ для ИСУ,Отток ФЛ от 100 до 199 ФЛ для ИСУ,1737120.0,,,True,,False,,,,,Для ИСУ,,2025-03-03,2026-05-29 16:25:18,60385977 (Демидемоа Анна Демовна [user00002@sample.local])
9001146,Доля производительных СЗП,Доля производительных СЗП,1530917.0,2033718.0,,True,,True,desc,,True,,Для отчета Оперфакт в АС Инфопанель,,2024-09-16,2026-05-29 16:25:18,60385977 (Демидемоа Анна Демовна [user00002@sample.local])
9001019,Средняя зарплата получателей (ЕПП),Средняя зарплата получателей (ЕПП),1782048.0,1851030.0,,True,,False,,,,,Для отчёта дерево ФОТ в АС Инфопанель,,2022-08-18,2026-05-29 16:25:18,60385977 (Демидемоа Анна Демовна [user00002@sample.local])
9001320,CHANGE Проекты КМ просрочены,Количество change проектов по сегментам КиБ находящихся в работе и срок по которым прошел,1530917.0,,,True,,False,,,False,,Для Водопада в АС Навигатор,,2026-01-23,2026-05-29 16:25:18,60385977 (Демидемоа Анна Демовна [user00002@sample.local])
9001560,Резерв для МРМ,Резерв для МРМ,1532200.0,,,False,,False,,,,,Резерв для МРМ,,2024-02-29,2026-05-29 16:25:18,60385977 (Демидемоа Анна Демовна [user00002@sample.local])
9001167,Кол-во новых ФЛ пришедших на обслуживание через технологию привлечения b2b,Кол-во новых ФЛ пришедших на обслуживание через технологию привлечения b2b,1530917.0,,,True,,True,desc,,True,,Для АС Навигатор,,2025-02-18,2026-05-29 16:25:18,60385977 (Демидемоа Анна Демовна [user00002@sample.local])
9001131,Коэффициент выполнения плана по показателю ФОТ для доли,КОценка ФОТ для доли,1575385.0,2033718.0,,True,,False,,,,,Для отчета Общий ФОТ в АС Инфопанель,,2024-09-06,2026-05-29 16:25:18,60385977 (Демидемоа Анна Демовна [user00002@sample.local])
1020395,Обьем ФОТ(интегральный КБ+РБ),Обьем ФОТ(интегральный КБ+РБ),1791596.0,1636839.0,,True,,True,desc,True,True,,Для отчета ФОТ в АС Инфопанель,,2024-01-31,2026-05-29 16:25:18,60385977 (Демидемоа Анна Демовна [user00002@sample.local])
9001018,Средняя зарплата получателей,Средняя зарплата получателей,1782048.0,1851030.0,,True,,False,,,,,Для отчёта дерево ФОТ в АС Инфопанель,,2022-08-18,2026-05-29 16:25:18,60385977 (Демидемоа Анна Демовна [user00002@sample.local])
9001562,Резерв для МРМ,Резерв для МРМ,1532200.0,,,False,,False,,,,,Резерв для МРМ,,2024-02-29,2026-05-29 16:25:18,60385977 (Демидемоа Анна Демовна [user00002@sample.local])
10002127,Доля производительных МЗП,Доля эффективных сотрудников,1530917.0,1530917.0,,True,,True,desc,,True,,Для отчета по оперфакту НП в АС Инфопанель,,2024-01-31,2026-05-29 16:25:18,60385977 (Демидемоа Анна Демовна [user00002@sample.local])
9001204,Переводы в КомБанк по m2m,Переводы в КомБанк по m2m,1530917.0,,,True,,False,,,,,Для АС Навигатор,,2025-04-24,2026-05-29 16:25:18,60385977 (Демидемоа Анна Демовна [user00002@sample.local])
9001296,Доля возрата,Доля возрата,1530917.0,1345134.0,,True,,False,,,True,,Для отчета по оттокам в АС Навигатор,,2025-08-27,2026-05-29 16:25:18,60385977 (Демидемоа Анна Демовна [user00002@sample.local])
9001192,Количество ФЛ поторые являются новыми по продукту перевод на ЗП ролью СЗП,Количество ФЛ поторые являются новыми по продукту перевод на ЗП ролью СЗП,1530917.0,,,True,,True,desc,,True,,Для АС Навигатор,,2025-02-18,2026-05-29 16:25:18,60385977 (Демидемоа Анна Демовна [user00002@sample.local])
2141075,Прирост доли рынка ФОТ ИП год к году (Интегральная ФОТ),Прирост доли рынка ФОТ ИП год к году (Интегральная ФОТ),,,,True,,False,,,,,Для отчета по доле рынка в АС Инфопанель,,2022-10-05,2026-05-29 16:25:18,60385977 (Демидемоа Анна Демовна [user00002@sample.local])
9001548,Резерв для МРМ,Резерв для МРМ,1532200.0,,,False,,False,,,,,Резерв для МРМ,,2024-02-29,2026-05-29 16:25:18,60385977 (Демидемоа Анна Демовна [user00002@sample.local])
9001035,"Возврат оттоков ФЛ, факт","Возврат оттоков ФЛ, факт",1530917.0,1798458.0,,True,,True,desc,,True,,Для виджетов в АС Инфопанель,,2023-07-25,2026-05-29 16:25:18,60385977 (Демидемоа Анна Демовна [user00002@sample.local])
9002015,Факт зачислений на действующие карты,Факт зачислений на действующие карты,1150387.0,1636839.0,,True,,False,,,,,Для виджета по прогнозу по сделкам,,2024-12-04,2026-05-29 16:25:18,60385977 (Демидемоа Анна Демовна [user00002@sample.local])
9001165,Количество ФЛ переставших быть получателями ЗП в Сбере без задач ,Количество ФЛ переставших быть получателями ЗП в Сбере без задач,1530917.0,,,True,,True,asc,,True,,Для АС Навигатор,,2025-02-18,2026-05-29 16:25:18,60385977 (Демидемоа Анна Демовна [user00002@sample.local])
9001166,Средний размер зачислений по портфелю клиентов ФЛ стабильно получающих заработную плату 4+ мес,Средний размер зачислений по портфелю клиентов ФЛ стабильно получающих заработную плату 4+ мес,1530917.0,,,True,,True,desc,,True,,Для АС Навигатор,,2025-02-18,2026-05-29 16:25:18,60385977 (Демидемоа Анна Демовна [user00002@sample.local])
9001104,Отток с недооцененным риском в ФЛ,Отток с недооцененным риском,1642359.0,1636839.0,,True,,False,,,,,Витрина Эффективности для команды МРМ. Виджет Управление оттоками,,2024-01-31,2026-05-29 16:25:18,60385977 (Демидемоа Анна Демовна [user00002@sample.local])
9001125,CLTV,CLTV,1157749.0,,,True,,False,,,,,Для отчета Карточка ВУЗ в АС Инфопанель,,2024-04-04,2026-05-29 16:25:18,60385977 (Демидемоа Анна Демовна [user00002@sample.local])
9001220,Кол-во новых ФЛ на 1 телемаркетинг,Кол-во новых ФЛ на 1 телемаркетинг,1530917.0,,,True,,False,,,,,Для АС Навигатор,,2025-04-24,2026-05-29 16:25:18,60385977 (Демидемоа Анна Демовна [user00002@sample.local])
9001233,Количество самостоятельных задач взятых в работу КМ КБ,Количество самостоятельных задач взятых в работу КМ КБ,1530917.0,,,True,,False,,,,,Для АС Навигатор,,2025-04-24,2026-05-29 16:25:18,60385977 (Демидемоа Анна Демовна [user00002@sample.local])
9001278,Отток 1-2 чел,Отток 1-2 чел,1530917.0,1345134.0,,True,,False,,,True,,Для отчета по оттокам в АС Навигатор,,2025-08-09,2026-05-29 16:25:18,60385977 (Демидемоа Анна Демовна [user00002@sample.local])
2141084,Доля рынка ФЛ ИП (Интегральная ФЛ),Доля рынка ФЛ ИП (Интегральная ФЛ),,,,True,,False,,,,,Для отчета по доле рынка в АС Инфопанель,,2022-10-05,2026-05-29 16:25:18,60385977 (Демидемоа Анна Демовна [user00002@sample.local])
9001112,РСЗП до ИНН,РСЗП до ИНН,1157749.0,,,True,,False,,,,,Для отчета Карточка ВУЗ в АС Инфопанель,,2024-04-04,2026-05-29 16:25:18,60385977 (Демидемоа Анна Демовна [user00002@sample.local])
9001002,Новые получатели по перезакреплению CIB,Новые получатели по перезакреплению CIB,1782048.0,1798458.0,,True,,False,,,,,Для отчета по перетокам CIB в АС Инфопанель,"2021-09-30,2022-05-31",2022-08-18,2026-05-29 16:25:18,60385977 (Демидемоа Анна Демовна [user00002@sample.local])
9001073,Выданные карты на выезде с учетом выходных и праздничных дней,Выданные карты на выезде с учетом выходных и праздничных дней,42646.0,,,True,,False,,,,,Для отчета ЖУЦ в АС Инфопанель,,2024-01-19,2026-05-29 16:25:18,60385977 (Демидемоа Анна Демовна [user00002@sample.local])
9901292,Отток ФЛ неподтвержденный,Отток ФЛ неподтвержденный,1530917.0,1345134.0,,True,,False,,,True,,Для отчета по оттокам в АС Навигатор,,2026-01-30,2026-05-29 16:25:18,60385977 (Демидемоа Анна Демовна [user00002@sample.local])
1001169,"Количество новых получателей (сегменты Крупнейший бизнес (включая клиентов ЦА), Клиенты машиностроения (предприятия ОПК), Госсектор)","Количество новых получателей(сегменты CIB, ОПК, РГС)",1530917.0,,,True,,False,,,,,Для отчета по оперфакту НП в АС Инфопанель,,2023-11-28,2026-05-29 16:25:18,60385977 (Демидемоа Анна Демовна [user00002@sample.local])
9001048,Прирост портфеля ФЛ к месяцу предыдущего года (%),Прирост портфеля ФЛ к месяцу предыдущего года (%),,1636839.0,,True,,False,,,,,Для виджетов в АС Инфопанель,,2023-11-21,2026-05-29 16:25:18,60385977 (Демидемоа Анна Демовна [user00002@sample.local])
9901299,"Количество задач, принятых в работу с истёкшим сроком","Количество задач, принятых в работу с истёкшим сроком",,384103.0,,False,,False,,,False,,Для AI-агента по фактическим оттокам,,2026-01-30,2026-05-29 16:25:18,60385977 (Демидемоа Анна Демовна [user00002@sample.local])
9001147,Средняя ЗП,Средняя ЗП,2119307.0,1636839.0,,True,,True,desc,,True,,Для отчета Волга,,2024-11-15,2026-05-29 16:25:18,60385977 (Демидемоа Анна Демовна [user00002@sample.local])
9002007,Всего выставлено задач,Всего выставлено задач,1150387.0,1636839.0,,True,,True,desc,,True,,Для виджета по Воронке продаж,,2024-12-04,2026-05-29 16:25:18,60385977 (Демидемоа Анна Демовна [user00002@sample.local])
9001168,Кол-во новых ФЛ пришедших на обслуживание через технологию привлечения b2b через сделки КМ РГС,Кол-во новых ФЛ пришедших на обслуживание через технологию привлечения b2b через сделки КМ РГС,1530917.0,,,True,,True,desc,,True,,Для АС Навигатор,,2025-02-18,2026-05-29 16:25:18,60385977 (Демидемоа Анна Демовна [user00002@sample.local])
9001579,Резерв для МРМ,Резерв для МРМ,1532200.0,,,False,,False,,,,,Резерв для МРМ,,2024-02-29,2026-05-29 16:25:18,60385977 (Демидемоа Анна Демовна [user00002@sample.local])
9001529,"Доля сотрудников, соблюдающих правила оформления сделок на привлечение/расширение","Доля сотрудников, соблюдающих правила оформления сделок на привлечение/расширение",1532200.0,2007815.0,,True,,False,,,,,Для отчета КУБ в АС Инфопанель и МРМ,,2024-10-17,2026-05-29 16:25:18,60385977 (Демидемоа Анна Демовна [user00002@sample.local])
9001225,Доля централизованных задач с согласием КМ КБ,Доля централизованных задач с согласием КМ КБ,1530917.0,,,True,,False,,,,,Для АС Навигатор,,2025-04-24,2026-05-29 16:25:18,60385977 (Демидемоа Анна Демовна [user00002@sample.local])
9001508,Доля запуска по зарплатным договорам ММБ (задачи по активации ЗП),Доля активации договоров ММБ,1532200.0,,,True,,False,,,,,Для отчета КУБ в АС Инфопанель и МРМ,,2024-03-20,2026-05-29 16:25:18,60385977 (Демидемоа Анна Демовна [user00002@sample.local])
2141076,Доля рынка ФОТ (Интегральная ФОТ),Доля рынка ФОТ (Интегральная ФОТ),,,,True,,False,,,,,Для отчета по доле рынка в АС Инфопанель,,2022-10-05,2026-05-29 16:25:18,60385977 (Демидемоа Анна Демовна [user00002@sample.local])
9001533,Доля централизованных задач в общем количестве задач сотрудника,Доля централизованных задач в общем количестве задач сотрудника,1532200.0,2007815.0,,True,,False,,,,,Для отчета КУБ в АС Инфопанель и МРМ,,2025-01-21,2026-05-29 16:25:18,60385977 (Демидемоа Анна Демовна [user00002@sample.local])
10903256,Доля эффективных РСЗП,Доля эффективных РСЗП,1737120.0,,,True,,False,,,,,Для ИСУ,,2025-03-03,2026-05-29 16:25:18,60385977 (Демидемоа Анна Демовна [user00002@sample.local])
9001341,Количество новых ФЛ по каналу ВСП,Количество новых ФЛ по каналу ВСП,1530917.0,,,True,,False,,,False,,Для Водопада в АС Навигатор,,2026-03-16,2026-05-29 16:25:18,60385977 (Демидемоа Анна Демовна [user00002@sample.local])
2141074,Объем рынка Росстат для расчета доли рынка ФОТ ИП(знаменатель) (Интегральная ФОТ),Объем рынка Росстат для расчета доли рынка ФОТ ИП(знаменатель) (Интегральная ФОТ),,,,True,,False,,,,,Для отчета по доле рынка в АС Инфопанель,,2022-10-05,2026-05-29 16:25:18,60385977 (Демидемоа Анна Демовна [user00002@sample.local])
9001042,НП на сделку МЗП,НП на сделку МЗП,,1798458.0,,True,,False,,,,,Для виджетов в АС Инфопанель,,2023-08-07,2026-05-29 16:25:18,60385977 (Демидемоа Анна Демовна [user00002@sample.local])
9001314,RUN Возврат B2С,Количество ФЛ вернувшихся на обслуживание в рамках отработки задач по технологии b2c,1530917.0,,,True,,False,,,False,,Для Водопада в АС Навигатор,,2026-01-23,2026-05-29 16:25:18,60385977 (Демидемоа Анна Демовна [user00002@sample.local])
2304014,Количество зачислений с месяца Т-2,Количество зачислений с месяца Т-2,1737120.0,1345134.0,,True,,False,,,,,Для ИСУ.ПРО,,2022-10-05,2026-05-29 16:25:18,60385977 (Демидемоа Анна Демовна [user00002@sample.local])
9001040,Доля отработанных задач МЗП (%),Доля отработанных задач МЗП (%),,1798458.0,,True,,False,,,,,Для виджетов в АС Инфопанель,,2023-08-07,2026-05-29 16:25:18,60385977 (Демидемоа Анна Демовна [user00002@sample.local])
9001183,Доля ФЛ  которые вернулись на обслуживание ЗП,Доля ФЛ  которые вернулись на обслуживание ЗП,1530917.0,,,True,,True,desc,,True,,Для АС Навигатор,,2025-02-18,2026-05-29 16:25:18,60385977 (Демидемоа Анна Демовна [user00002@sample.local])
9001054,Задачи сотрудников (Контактная политика) не взятые в работу,Конт. политика,1642359.0,2033718.0,,True,,False,,,,,Витрина Эффективности для команды МРМ. Виджет Не взятые в работу задачи,,2024-02-20,2026-05-29 16:25:18,60385977 (Демидемоа Анна Демовна [user00002@sample.local])
9001580,Резерв для МРМ,Резерв для МРМ,1532200.0,,,False,,False,,,,,Резерв для МРМ,,2024-02-29,2026-05-29 16:25:18,60385977 (Демидемоа Анна Демовна [user00002@sample.local])
9901302,Доля невзятых задач,Доля невзятых задач,,384103.0,,False,,False,,,False,,Для AI-агента по фактическим оттокам,,2026-01-30,2026-05-29 16:25:18,60385977 (Демидемоа Анна Демовна [user00002@sample.local])
10903307,Отток ФЛ от 200 ФЛ для ИСУ,Отток ФЛ от 200 ФЛ для ИСУ,1737120.0,,,True,,False,,,,,Для ИСУ,,2025-03-03,2026-05-29 16:25:18,60385977 (Демидемоа Анна Демовна [user00002@sample.local])
9001178,Количество ФЛ в задачах по потенциальному силовому оттоку клиентов на горизонте 3 мес,Количество ФЛ в задачах по потенциальному силовому оттоку клиентов на горизонте 3 мес,1530917.0,,,True,,False,,,,,Для АС Навигатор,,2025-02-18,2026-05-29 16:25:18,60385977 (Демидемоа Анна Демовна [user00002@sample.local])
9001280,Отток ФЛ в задачах,Отток ФЛ в задачах,1530917.0,1345134.0,,True,,False,,,True,,Для отчета по оттокам в АС Навигатор,,2025-08-11,2026-05-29 16:25:18,60385977 (Демидемоа Анна Демовна [user00002@sample.local])
9001026,Доля каналов поступления ЗП договоров,Доля каналов поступления ЗП договоров,1798458.0,1798458.0,,True,,False,,,,,Для отчёта Запуск ЗД в АС Инфопанель,,2023-01-31,2026-05-29 16:25:18,60385977 (Демидемоа Анна Демовна [user00002@sample.local])
9901285,Взято шт,Взято шт,1530917.0,1345134.0,,True,,False,,,True,,Для отчета по оттокам в АС Навигатор,,2026-01-30,2026-05-29 16:25:18,60385977 (Демидемоа Анна Демовна [user00002@sample.local])
9001160,Темп роста Y2Y СР ЗП ФЛ рынок,Темп роста Y2Y СР ЗП ФЛ рынок,,,,True,,False,,,,,Для отчета Волга,,2025-02-03,2026-05-29 16:25:18,60385977 (Демидемоа Анна Демовна [user00002@sample.local])
9001588,Резерв для МРМ,Резерв для МРМ,1532200.0,,,False,,False,,,,,Резерв для МРМ,,2024-02-29,2026-05-29 16:25:18,60385977 (Демидемоа Анна Демовна [user00002@sample.local])
9001556,Резерв для МРМ,Резерв для МРМ,1532200.0,,,False,,False,,,,,Резерв для МРМ,,2024-02-29,2026-05-29 16:25:18,60385977 (Демидемоа Анна Демовна [user00002@sample.local])
9001318,CHANGE Проекты КМ в работе,Количество change проектов по сегментам КиБ находящихся в работе,1530917.0,,,True,,False,,,False,,Для Водопада в АС Навигатор,,2026-01-23,2026-05-29 16:25:18,60385977 (Демидемоа Анна Демовна [user00002@sample.local])
9001299,"Количество задач, принятых в работу с истёкшим сроком","Количество задач, принятых в работу с истёкшим сроком",,384103.0,,False,,False,,,False,,Для AI-агента по фактическим оттокам,,2025-10-09,2026-05-29 16:25:18,60385977 (Демидемоа Анна Демовна [user00002@sample.local])
9001203,Количество физических лиц стабильно получающие заработную плату,Количество физических лиц стабильно получающие заработную плату,1530917.0,,,True,,False,,,,,Для АС Навигатор,,2025-04-11,2026-05-29 16:25:18,60385977 (Демидемоа Анна Демовна [user00002@sample.local])
90012091,Потери новых ФЛ по МЗП,Потери новых ФЛ по МЗП,1530917.0,,,True,,True,asc,,,,Для АС Навигатор,,2025-05-20,2026-05-29 16:25:18,60385977 (Демидемоа Анна Демовна [user00002@sample.local])
9001036,"Возврат оттоков ФЛ, изменение к прошлому месяцу","Возврат оттоков ФЛ, изменение к прошлому месяцу",1530917.0,1798458.0,,True,,False,,,,,Для виджетов в АС Инфопанель,,2023-07-25,2026-05-29 16:25:18,60385977 (Демидемоа Анна Демовна [user00002@sample.local])
9001244,Кол-во новых ФЛ на 1 сделку КМ ОПК,Кол-во новых ФЛ на 1 сделку КМ ОПК,1530917.0,,,True,,False,,,,,Для АС Навигатор,,2025-04-24,2026-05-29 16:25:18,60385977 (Демидемоа Анна Демовна [user00002@sample.local])
2141098,Доля рынка ФОТ без янв и дек ИП (Интегральная без янв и дек),Доля рынка ФОТ без янв и дек ИП (Интегральная без янв и дек),,,,True,,False,,,,,Для отчета по доле рынка в АС Инфопанель,,2022-10-05,2026-05-29 16:25:18,60385977 (Демидемоа Анна Демовна [user00002@sample.local])
2141072,Доля рынка ФОТ ИП (Интегральная ФОТ),Доля рынка ФОТ ИП (Интегральная ФОТ),,,,True,,False,,,,,Для отчета по доле рынка в АС Инфопанель,,2022-10-05,2026-05-29 16:25:18,60385977 (Демидемоа Анна Демовна [user00002@sample.local])
9001009,Количество продаж партнерского канала,Количество продаж партнерского канала,1893203.0,1636839.0,,True,,False,,,,,Для дашборда партнерского канала в АС Инфопанель,,2022-08-10,2026-05-29 16:25:18,60385977 (Демидемоа Анна Демовна [user00002@sample.local])
9001535,Доля сотрудников с устраненными отклонениями от AI-агента,Доля сотрудников с устраненными отклонениями от AI-агента,1532200.0,2007815.0,,True,,False,,,,,Для отчета КУБ в АС Инфопанель и МРМ,,2025-05-02,2026-05-29 16:25:18,60385977 (Демидемоа Анна Демовна [user00002@sample.local])
2141068,Доля рынка ФОТ ЮЛ (Интегральная ФОТ),Доля рынка ФОТ ЮЛ (Интегральная ФОТ),,,,True,,False,,,,,Для отчета по доле рынка в АС Инфопанель,,2022-10-05,2026-05-29 16:25:18,60385977 (Демидемоа Анна Демовна [user00002@sample.local])
9001558,Резерв для МРМ,Резерв для МРМ,1532200.0,,,False,,False,,,,,Резерв для МРМ,,2024-02-29,2026-05-29 16:25:18,60385977 (Демидемоа Анна Демовна [user00002@sample.local])
10030071,Привлечение НФЛ технология b2b через МЗП/СЗП,Привлечение НФЛ технология b2b через МЗП/СЗП,1530917.0,,,True,,True,desc,,True,,Для АС Навигатор,,2025-03-14,2026-05-29 16:25:18,60385977 (Демидемоа Анна Демовна [user00002@sample.local])
9001270,Количество непроизводительных СЗП,Количество непроизводительных СЗП,1530917.0,,,True,,True,asc,,,,Для АС Навигатор,,2025-05-14,2026-05-29 16:25:18,60385977 (Демидемоа Анна Демовна [user00002@sample.local])
1020007,Портфель ФЛ до ИНН (держатели ЗП карт),Портфель ФЛ до ИНН (держатели ЗП карт),1642359.0,2007815.0,"tb, gosb, emp",True,ФЛ,False,,False,False,True,Для Новой мотивации МРМ Эффективность,,2026-04-20,2026-05-29 16:25:18,60385977 (Демидемоа Анна Демовна [user00002@sample.local])
9001133,Количество уникальных получателей до ИНН (все перечисления) не силовые,Количество уникальных получателей до ИНН (все перечисления) не силовые,1791596.0,2033718.0,,True,,False,,,,,Для отчета Уникальные получатели в АС Инфопанель,,2024-09-12,2026-05-29 16:25:18,60385977 (Демидемоа Анна Демовна [user00002@sample.local])
9001252,Оседаемость новых ФЛ СЗП,Оседаемость новых ФЛ СЗП,1530917.0,,,True,,False,,,,,Для АС Навигатор,,2025-04-24,2026-05-29 16:25:18,60385977 (Демидемоа Анна Демовна [user00002@sample.local])
9001172,Кол-во новых ФЛ пришедших на обслуживание через технологию привлечения b2b через сделки КМ ОПК,Кол-во новых ФЛ пришедших на обслуживание через технологию привлечения b2b через сделки КМ ОПК,1530917.0,,,True,,True,desc,,True,,Для АС Навигатор,,2025-02-18,2026-05-29 16:25:18,60385977 (Демидемоа Анна Демовна [user00002@sample.local])
9001016,Портфель без НП (ЕПП),Портфель без НП (ЕПП),1782048.0,1851030.0,,True,,False,,,,,Для отчёта дерево ФОТ в АС Инфопанель,,2022-08-18,2026-05-29 16:25:18,60385977 (Демидемоа Анна Демовна [user00002@sample.local])
9001590,Резерв для МРМ,Резерв для МРМ,1532200.0,,,False,,False,,,,,Резерв для МРМ,,2024-02-29,2026-05-29 16:25:18,60385977 (Демидемоа Анна Демовна [user00002@sample.local])
170003661,Объем ФОТ для расчета доли рынка,Объем ФОТ для расчета доли рынка,1790758.0,1851030.0,,True,,False,,,,,Для отчета по доле рынка в АС Инфопанель,,2022-05-30,2026-05-29 16:25:18,60385977 (Демидемоа Анна Демовна [user00002@sample.local])
2141083,Прирост доли рынка ФЛ ЮЛ год к году (Интегральная ФЛ),Прирост доли рынка ФЛ ЮЛ год к году (Интегральная ФЛ),,,,True,,False,,,,,Для отчета по доле рынка в АС Инфопанель,,2022-10-05,2026-05-29 16:25:18,60385977 (Демидемоа Анна Демовна [user00002@sample.local])
9001095,Риск оттока ЮЛ,Риск оттока,1642359.0,1636839.0,,True,,False,,,,,Витрина Эффективности для команды МРМ. Виджет Управление оттоками,,2024-01-31,2026-05-29 16:25:18,60385977 (Демидемоа Анна Демовна [user00002@sample.local])
9001247,Оседаемость новых ФЛ КМ РГС,Оседаемость новых ФЛ КМ РГС,1530917.0,,,True,,False,,,,,Для АС Навигатор,,2025-04-24,2026-05-29 16:25:18,60385977 (Демидемоа Анна Демовна [user00002@sample.local])
9001536,AI-агент,AI-агент,1532200.0,2007815.0,,True,,False,,,,,Для отчета КУБ в АС Инфопанель и МРМ,,2025-05-02,2026-05-29 16:25:18,60385977 (Демидемоа Анна Демовна [user00002@sample.local])
9001100,Ежедневный отток ФЛ,Ежедневный,1642359.0,1636839.0,,True,,False,,,,,Витрина Эффективности для команды МРМ. Виджет Управление оттоками,,2024-01-31,2026-05-29 16:25:18,60385977 (Демидемоа Анна Демовна [user00002@sample.local])
9001179,Количество организаций в задачах по потенциальному силовому оттоку клиентов на горизонте 3 мес,Количество организаций в задачах по потенциальному силовому оттоку клиентов на горизонте 3 мес,1530917.0,,,True,,True,asc,,True,,Для АС Навигатор,,2025-02-18,2026-05-29 16:25:18,60385977 (Демидемоа Анна Демовна [user00002@sample.local])
9001101,Фактический отток в ЮЛ,Фактический отток,1642359.0,1636839.0,,True,,False,,,,,Витрина Эффективности для команды МРМ. Виджет Управление оттоками,,2024-01-31,2026-05-29 16:25:18,60385977 (Демидемоа Анна Демовна [user00002@sample.local])
9001007,Количество производительных МЗП,Количество производительных МЗП,1530917.0,1530917.0,,True,,True,desc,,True,,Для отчета по оперфакту НП в АС Инфопанель,,2022-08-03,2026-05-29 16:25:18,60385977 (Демидемоа Анна Демовна [user00002@sample.local])
9001098,Предиктивный отток ФЛ,Предиктивный,1642359.0,1636839.0,,True,,False,,,,,Витрина Эффективности для команды МРМ. Виджет Управление оттоками,,2024-01-31,2026-05-29 16:25:18,60385977 (Демидемоа Анна Демовна [user00002@sample.local])
9001544,Резерв для МРМ,Резерв для МРМ,1532200.0,,,False,,False,,,,,Резерв для МРМ,,2024-02-29,2026-05-29 16:25:18,60385977 (Демидемоа Анна Демовна [user00002@sample.local])
1000652,Доля рынка ФОТ,Доля рынка ФОТ,1790758.0,1851030.0,,True,,False,,,,,Для отчета по доле рынка в АС Инфопанель,,2022-05-30,2026-05-29 16:25:18,60385977 (Демидемоа Анна Демовна [user00002@sample.local])
9001307,Рост утилизации потенциала,Рост утилизации потенциала,1530917.0,,,True,,False,,,False,,Для АС Навигатор,,2026-01-21,2026-05-29 16:25:18,60385977 (Демидемоа Анна Демовна [user00002@sample.local])
9001164,Количество новых ФЛ получателей заработной платы ушедших с обслуживание на СБ,Количество новых ФЛ получателей заработной платы ушедших с обслуживание на СБ,1530917.0,,,True,,True,asc,,True,,Для АС Навигатор,,2025-02-18,2026-05-29 16:25:18,60385977 (Демидемоа Анна Демовна [user00002@sample.local])
9001056,Прирост портфеля ФЛ к месяцу предыдущего года,Прирост портфеля ФЛ к месяцу предыдущего года,,1636839.0,,True,,False,,,,,Для виджетов в АС Инфопанель,,2023-11-21,2026-05-29 16:25:18,60385977 (Демидемоа Анна Демовна [user00002@sample.local])
9001319,CHANGE Проекты КМ исполнены,Количество change проектов по сегментам КиБ выполненых на 100%,1530917.0,,,True,,False,,,False,,Для Водопада в АС Навигатор,,2026-01-23,2026-05-29 16:25:18,60385977 (Демидемоа Анна Демовна [user00002@sample.local])
9001563,Резерв для МРМ,Резерв для МРМ,1532200.0,,,False,,False,,,,,Резерв для МРМ,,2024-02-29,2026-05-29 16:25:18,60385977 (Демидемоа Анна Демовна [user00002@sample.local])
9001190,Количество зачислений ЗП по полученным согласиям по продукту перевод на ЗП ролью СЗП,Количество зачислений ЗП по полученным согласиям по продукту перевод на ЗП ролью СЗП,1530917.0,,,True,,True,desc,,True,,Для АС Навигатор,,2025-02-18,2026-05-29 16:25:18,60385977 (Демидемоа Анна Демовна [user00002@sample.local])
9001010,Доход партнерского канала,Доход партнерского канала,1893203.0,1636839.0,,True,,False,,,,,Для дашборда партнерского канала в АС Инфопанель,,2022-08-10,2026-05-29 16:25:18,60385977 (Демидемоа Анна Демовна [user00002@sample.local])
1,Коэффициент результативности сотрудника,Крез,1530917.0,,,True,,False,,,,,Для отчета по оперфакту НП в АС Инфопанель,,2023-11-28,2026-05-29 16:25:18,60385977 (Демидемоа Анна Демовна [user00002@sample.local])
9001067,Среднее количество сотрудников на один выезд,Среднее количество сотрудников на один выезд,42646.0,,,True,,False,,,,,Для отчета ЖУЦ в АС Инфопанель,,2024-01-19,2026-05-29 16:25:18,60385977 (Демидемоа Анна Демовна [user00002@sample.local])
9001557,Резерв для МРМ,Резерв для МРМ,1532200.0,,,False,,False,,,,,Резерв для МРМ,,2024-02-29,2026-05-29 16:25:18,60385977 (Демидемоа Анна Демовна [user00002@sample.local])
9001521,Доля пустых согласий по задачам ММБ,Доля пустых согласий по задачам ММБ,1532200.0,,,True,,False,,,,,Для отчета Карточка ВУЗ в АС Инфопанель,,2024-04-03,2026-05-29 16:25:18,60385977 (Демидемоа Анна Демовна [user00002@sample.local])
9002008,Задач в работе,Задач в работе,1150387.0,1636839.0,,True,,True,desc,,,,Для виджета по Воронке продаж,,2024-12-04,2026-05-29 16:25:18,60385977 (Демидемоа Анна Демовна [user00002@sample.local])
2141070,Объем рынка Росстат для расчета доли рынка ФОТ ЮЛ(знаменатель) (Интегральная ФОТ),Объем рынка Росстат для расчета доли рынка ФОТ ЮЛ(знаменатель) (Интегральная ФОТ),,,,True,,False,,,,,Для отчета по доле рынка в АС Инфопанель,,2022-10-05,2026-05-29 16:25:18,60385977 (Демидемоа Анна Демовна [user00002@sample.local])
9001223,Доля централизованных задач отработанных КМ КБ,Доля централизованных задач отработанных КМ КБ,1530917.0,,,True,,False,,,,,Для АС Навигатор,,2025-04-24,2026-05-29 16:25:18,60385977 (Демидемоа Анна Демовна [user00002@sample.local])
9001182,Количество организаций в задачах выставленных на МЗП с зафиксированным силовым оттоком,Количество организаций в задачах выставленных на МЗП с зафиксированным силовым оттоком,1530917.0,,,True,,True,asc,,True,,Для АС Навигатор,,2025-02-18,2026-05-29 16:25:18,60385977 (Демидемоа Анна Демовна [user00002@sample.local])
9001210,Кол-во новых ФЛ на 1 МЗП,Кол-во новых ФЛ на 1 МЗП,1530917.0,,,True,,False,,,,,Для АС Навигатор,,2025-04-24,2026-05-29 16:25:18,60385977 (Демидемоа Анна Демовна [user00002@sample.local])
9001185,"Количество ФЛ в организациях с повторной задачей силового оттока, те отток продолжается после отработки задачи","Количество ФЛ в организациях с повторной задачей силового оттока, те отток продолжается после отработки задачи",1530917.0,,,True,,True,asc,,True,,Для АС Навигатор,,2025-02-18,2026-05-29 16:25:18,60385977 (Демидемоа Анна Демовна [user00002@sample.local])
9001257,Доля текучки в новом привлечении МЗП,Доля текучки в новом привлечении МЗП,1530917.0,,,True,,False,,,,,Для АС Навигатор,,2025-04-24,2026-05-29 16:25:18,60385977 (Демидемоа Анна Демовна [user00002@sample.local])
9001062,Фот не в доле Самозанятые,Фот вне доли СМЗ,1791596.0,,,True,,False,,,,,Детализация общего ФОТ в доле/не в доле,,2024-01-16,2026-05-29 16:25:18,60385977 (Демидемоа Анна Демовна [user00002@sample.local])
9001211,Кол-во новых ФЛ на 1 СЗП,Кол-во новых ФЛ на 1 СЗП,1530917.0,,,True,,False,,,,,Для АС Навигатор,,2025-04-24,2026-05-29 16:25:18,60385977 (Демидемоа Анна Демовна [user00002@sample.local])
9002001,Доля отработанных задач,Доля отработанных задач,1150387.0,1636839.0,,True,,True,desc,,True,,Для виджета по Воронке продаж,,2024-12-04,2026-05-29 16:25:18,60385977 (Демидемоа Анна Демовна [user00002@sample.local])
9001279,Задачи шт,Задачи шт,1530917.0,1345134.0,,True,,False,,,True,,Для отчета по оттокам в АС Навигатор,,2025-08-10,2026-05-29 16:25:18,60385977 (Демидемоа Анна Демовна [user00002@sample.local])
9001064,Фот не в доле Стипендия,Фот вне доли Студенты,1791596.0,,,True,,False,,,,,Детализация общего ФОТ в доле/не в доле,,2024-01-16,2026-05-29 16:25:18,60385977 (Демидемоа Анна Демовна [user00002@sample.local])
9001141,Темпы роста объема ФОТ не силовой,Темпы роста объема ФОТ не силовой,1791596.0,2033718.0,,True,,False,,,,,Для отчета Темпы роста в АС Инфопанель,,2024-09-12,2026-05-29 16:25:18,60385977 (Демидемоа Анна Демовна [user00002@sample.local])
9001525,Качество эмиссии и выдачи карт,Качество эмиссии и выдачи карт,1532200.0,,,True,,False,,,,,Для отчета Карточка ВУЗ в АС Инфопанель,,2024-04-03,2026-05-29 16:25:18,60385977 (Демидемоа Анна Демовна [user00002@sample.local])
9001187,Количество консультаций по продукту перевод на ЗП ролью СЗП,Количество консультаций по продукту перевод на ЗП ролью СЗП,1530917.0,,,True,,True,desc,,True,,Для АС Навигатор,,2025-02-18,2026-05-29 16:25:18,60385977 (Демидемоа Анна Демовна [user00002@sample.local])
9001200,Количество согласий по которые не подверждены зачислениями ВСП,Количество согласий по которые не подверждены зачислениями ВСП,1530917.0,,,True,,True,asc,,True,,Для АС Навигатор,,2025-02-18,2026-05-29 16:25:18,60385977 (Демидемоа Анна Демовна [user00002@sample.local])
9001137,Общий ФОТ не силовой,Общий ФОТ не силовой,1791596.0,2033718.0,,True,,False,,,,,Для отчета Общий ФОТ в АС Инфопанель,,2024-09-12,2026-05-29 16:25:18,60385977 (Демидемоа Анна Демовна [user00002@sample.local])
9002009,Доля взятых в работу задач,Доля взятых в работу задач,1150387.0,1636839.0,,True,,True,desc,,,,Для виджета по Воронке продаж,,2024-12-04,2026-05-29 16:25:18,60385977 (Демидемоа Анна Демовна [user00002@sample.local])
9001271,Доля текучки в новом привлечении СЗП,Доля текучки в новом привлечении СЗП,1530917.0,,,True,,False,,,,,Для АС Навигатор,,2025-06-05,2026-05-29 16:25:18,60385977 (Демидемоа Анна Демовна [user00002@sample.local])
9001153,Доля отработанных ЦЗ МЗП/СЗП,Доля отработанных,2119307.0,1636839.0,,True,,True,desc,,,,Для отчета Волга,,2024-12-26,2026-05-29 16:25:18,60385977 (Демидемоа Анна Демовна [user00002@sample.local])
9001261,Доля текучки в новом привлечении КМ ОПК,Доля текучки в новом привлечении КМ ОПК,1530917.0,,,True,,False,,,,,Для АС Навигатор,,2025-04-24,2026-05-29 16:25:18,60385977 (Демидемоа Анна Демовна [user00002@sample.local])
9001243,Кол-во новых ФЛ на 1 сделку КМ CIB,Кол-во новых ФЛ на 1 сделку КМ CIB,1530917.0,,,True,,False,,,,,Для АС Навигатор,,2025-04-24,2026-05-29 16:25:18,60385977 (Демидемоа Анна Демовна [user00002@sample.local])
2141080,Доля рынка ФЛ ЮЛ (Интегральная ФЛ),Доля рынка ФЛ ЮЛ (Интегральная ФЛ),,,,True,,False,,,,,Для отчета по доле рынка в АС Инфопанель,,2022-10-05,2026-05-29 16:25:18,60385977 (Демидемоа Анна Демовна [user00002@sample.local])
2141097,Прирост доли рынка ФОТ без янв и дек ЮЛ год к году (Интегральная без янв и дек),Прирост доли рынка ФОТ без янв и дек ЮЛ год к году (Интегральная без янв и дек),,,,True,,False,,,,,Для отчета по доле рынка в АС Инфопанель,,2022-10-05,2026-05-29 16:25:18,60385977 (Демидемоа Анна Демовна [user00002@sample.local])
9001574,Резерв для МРМ,Резерв для МРМ,1532200.0,,,False,,False,,,,,Резерв для МРМ,,2024-02-29,2026-05-29 16:25:18,60385977 (Демидемоа Анна Демовна [user00002@sample.local])
9001522,Доля выездных выдач по установленным критериям,Доля выездных выдач по установленным критериям,1532200.0,,,True,,False,,,,,Для отчета Карточка ВУЗ в АС Инфопанель,,2024-04-03,2026-05-29 16:25:18,60385977 (Демидемоа Анна Демовна [user00002@sample.local])
9001524,Выполнение норматива по доле НФЛ в эмиссии на ЦОПП,Выполнение норматива по доле НФЛ в эмиссии на ЦОПП,1532200.0,,,True,,False,,,,,Для отчета Карточка ВУЗ в АС Инфопанель,,2024-04-03,2026-05-29 16:25:18,60385977 (Демидемоа Анна Демовна [user00002@sample.local])
9001049,Кол-во НП по холдингам,Кол-во НП по холдингам,,1636839.0,,True,,False,,,,,Для виджетов в АС Инфопанель,,2023-09-01,2026-05-29 16:25:18,60385977 (Демидемоа Анна Демовна [user00002@sample.local])
9001005,Уникальные получатели в актуальной методологии,Уникальные получатели в актуальной методологии,1782048.0,1782048.0,,True,,False,,,,,Для отчета Портфель по сегментам,,2022-07-27,2026-05-29 16:25:18,60385977 (Демидемоа Анна Демовна [user00002@sample.local])
9001029,"Продолжающийся отток ЮЛ, факт","Продолжающийся отток ЮЛ, факт",1530917.0,1798458.0,,True,,False,,,,,Для виджетов в АС Инфопанель,,2023-07-25,2026-05-29 16:25:18,60385977 (Демидемоа Анна Демовна [user00002@sample.local])
9001516,Персонал,Персонал,1532200.0,,,True,,False,,,,,Для отчета КУБ в АС Инфопанель и МРМ,,2024-03-20,2026-05-29 16:25:18,60385977 (Демидемоа Анна Демовна [user00002@sample.local])
9001191,Доля зачислений относительно согласий по продукту перевод на ЗП оформленных ролью СЗП,Доля зачислений относительно согласий по продукту перевод на ЗП оформленных ролью СЗП,1530917.0,,,True,,True,desc,,True,,Для АС Навигатор,,2025-02-18,2026-05-29 16:25:18,60385977 (Демидемоа Анна Демовна [user00002@sample.local])
9001325,CHANGE Проекты ВСП исполнены,Количество change проектов по каналу ВСП выполненых на 100%,1530917.0,,,True,,False,,,False,,Для Водопада в АС Навигатор,,2026-01-23,2026-05-29 16:25:18,60385977 (Демидемоа Анна Демовна [user00002@sample.local])
9001123,ФЛ с активными кредитными картами,ФЛ с активными кредитными картами,1157749.0,,,True,,False,,,,,Для отчета Карточка ВУЗ в АС Инфопанель,,2024-04-04,2026-05-29 16:25:18,60385977 (Демидемоа Анна Демовна [user00002@sample.local])
9001162,Количество новых ФЛ получателей заработной платы появившихся в банке с участием продающих ролей,Количество новых ФЛ получателей заработной платы появившихся в банке с участием продающих ролей,1530917.0,,,True,,True,desc,,True,,Для АС Навигатор,,2025-02-18,2026-05-29 16:25:18,60385977 (Демидемоа Анна Демовна [user00002@sample.local])
9001338,Количество новых получателей по ролям МКК ММБ,Количество новых получателей по ролям МКК ММБ,1530917.0,,,True,,False,,,False,,Для Водопада в АС Навигатор,,2026-03-16,2026-05-29 16:25:18,60385977 (Демидемоа Анна Демовна [user00002@sample.local])
9001229,Количество самостоятельных задач МЗП/СЗП со сделкой,Количество самостоятельных задач МЗП/СЗП со сделкой,1530917.0,,,True,,False,,,,,Для АС Навигатор,,2025-04-24,2026-05-29 16:25:18,60385977 (Демидемоа Анна Демовна [user00002@sample.local])
9001208,Количество систематически неэффективных МЗП/СЗП,Количество систематически неэффективных МЗП/СЗП,1530917.0,,,True,,True,asc,,,,Для АС Навигатор,,2025-04-24,2026-05-29 16:25:18,60385977 (Демидемоа Анна Демовна [user00002@sample.local])
12002108,Боевая численность МЗП,Боевая численность МЗП,,,,True,,False,,,,,,,2022-05-30,2026-05-29 16:25:18,60385977 (Демидемоа Анна Демовна [user00002@sample.local])
9001110,Портфель Сотрудники до ИНН,Портфель Сотрудники до ИНН,1157749.0,,,True,,False,,,,,Для отчета Карточка ВУЗ в АС Инфопанель,,2024-04-04,2026-05-29 16:25:18,60385977 (Демидемоа Анна Демовна [user00002@sample.local])
1030000,Доля рынка ФОТ,Доля рынка ФОТ,1530917.0,,,True,,True,desc,,True,,Для АС Навигатор,,2026-03-17,2026-05-29 16:25:18,60385977 (Демидемоа Анна Демовна [user00002@sample.local])
9002013,Факт выдано карт,Факт выдано карт,1150387.0,1636839.0,,True,,False,,,,,Для виджета по прогнозу по сделкам,,2024-12-04,2026-05-29 16:25:18,60385977 (Демидемоа Анна Демовна [user00002@sample.local])
10006362,Количество новых получателей денежных средств в рамках зарплатных договоров (без учета в мотивацию),Количество новых получателей(без учета в мотивацию),153220.0,2007815.0,"sb, tb, gosb",True,ФЛ,True,desc,,,,Расчет НП до применения мотивационных крышек,,2026-04-09,2026-05-29 16:25:18,60385977 (Демидемоа Анна Демовна [user00002@sample.local])
9001304,Количество успешно закрытых задач,Количество успешно закрытых задач,,384103.0,,False,,False,,,False,,Для AI-агента по фактическим оттокам,,2025-10-09,2026-05-29 16:25:18,60385977 (Демидемоа Анна Демовна [user00002@sample.local])
9001298,Доля закрытых задач,Доля закрытых задач,,384103.0,,False,,False,,,False,,Для AI-агента по фактическим оттокам,,2025-10-09,2026-05-29 16:25:18,60385977 (Демидемоа Анна Демовна [user00002@sample.local])
9001300,"Доля задач, принятых в работу с истёкшим сроком","Доля задач, принятых в работу с истёкшим сроком",,384103.0,,False,,False,,,False,,Для AI-агента по фактическим оттокам,,2025-10-09,2026-05-29 16:25:18,60385977 (Демидемоа Анна Демовна [user00002@sample.local])
9001221,Количество централизованно выставленных задач на КМ КБ,Количество централизованно выставленных задач на КМ КБ,1530917.0,,,True,,False,,,,,Для АС Навигатор,,2025-04-24,2026-05-29 16:25:18,60385977 (Демидемоа Анна Демовна [user00002@sample.local])
9001273,Доля от показа презентаций,Доля от показа презентаций,1530917.0,,,True,,False,,,,,Для агрегата метрик отчета ФОТ через ВСП в АС Инфопанель,,2025-06-05,2026-05-29 16:25:18,60385977 (Демидемоа Анна Демовна [user00002@sample.local])
9001260,Доля текучки в новом привлечении КМ ММБ,Доля текучки в новом привлечении КМ ММБ,1530917.0,,,True,,False,,,,,Для АС Навигатор,,2025-04-24,2026-05-29 16:25:18,60385977 (Демидемоа Анна Демовна [user00002@sample.local])
9001550,Резерв для МРМ,Резерв для МРМ,1532200.0,,,False,,False,,,,,Резерв для МРМ,,2024-02-29,2026-05-29 16:25:18,60385977 (Демидемоа Анна Демовна [user00002@sample.local])
9001512,"Доля СЗП, выполняющих норматив по среднему кол-ву  консультаций B2C (идентификация Клиента и презентация продукта Заявление на перевод ЗП на счет в Сбере и Как зарплатный)",Норматив по консультациям Перевод з/п на Сбер (доля СЗП),1532200.0,,,True,,False,,,,,Для отчета КУБ в АС Инфопанель и МРМ,,2024-03-20,2026-05-29 16:25:18,60385977 (Демидемоа Анна Демовна [user00002@sample.local])
9001156,Темп роста Y2Y СР ЗП новые ФЛ,Темп роста Y2Y СР ЗП новые ФЛ,,,,True,,False,,,,,Для отчета Волга,,2025-02-03,2026-05-29 16:25:18,60385977 (Демидемоа Анна Демовна [user00002@sample.local])
1020255,Обьем ФОТ  КПЭ КИБ,Обьем ФОТ  КПЭ КИБ,1791596.0,1636839.0,,True,,True,desc,True,True,,Для отчета ФОТ в АС Инфопанель,,2024-01-31,2026-05-29 16:25:18,60385977 (Демидемоа Анна Демовна [user00002@sample.local])
9001063,Фот не в доле ГПХ,Фот вне доли ГПХ,1791596.0,,,True,,False,,,,,Детализация общего ФОТ в доле/не в доле,,2024-01-16,2026-05-29 16:25:18,60385977 (Демидемоа Анна Демовна [user00002@sample.local])
9001092,Всего не закреплено ИНН за сотрудником с ролью B2C,За сотрудниками с ролью B2C,1642359.0,1636839.0,,True,,False,,,,,Витрина Эффективности для команды МРМ. Виджет Всего не закреплено ИНН,,2024-01-31,2026-05-29 16:25:18,60385977 (Демидемоа Анна Демовна [user00002@sample.local])
9001303,Средняя доля успешного закрытия задач,Средняя доля успешного закрытия задач,,384103.0,,False,,False,,,False,,Для AI-агента по фактическим оттокам,,2025-10-09,2026-05-29 16:25:18,60385977 (Демидемоа Анна Демовна [user00002@sample.local])
9001226,Количество новых ФЛ в сделках по централизованным задачам КМ КБ,Количество новых ФЛ в сделках по централизованным задачам КМ КБ,1530917.0,,,True,,False,,,,,Для АС Навигатор,,2025-04-24,2026-05-29 16:25:18,60385977 (Демидемоа Анна Демовна [user00002@sample.local])
9001274,Количество действующих зачислений,Количество действующих зачислений,1530917.0,,,True,,False,,,,,Для агрегата метрик отчета ФОТ через ВСП в АС Инфопанель,,2025-06-05,2026-05-29 16:25:18,60385977 (Демидемоа Анна Демовна [user00002@sample.local])
9001143,Количество производительных МЗП,Количество производительных МЗП,1530917.0,2033718.0,,True,,True,desc,,True,,Для отчета Оперфакт в АС Инфопанель,,2024-09-16,2026-05-29 16:25:18,60385977 (Демидемоа Анна Демовна [user00002@sample.local])
9001340,Количество новых ФЛ по продажам b2c,Количество новых ФЛ по продажам b2c,1530917.0,,,True,,False,,,False,,Для Водопада в АС Навигатор,,2026-03-16,2026-05-29 16:25:18,60385977 (Демидемоа Анна Демовна [user00002@sample.local])
9001060,Фот вне доли весь,Фот вне доли весь,1791596.0,,,True,,False,,,,,Детализация общего ФОТ в доле/не в доле,,2024-01-16,2026-05-29 16:25:18,60385977 (Демидемоа Анна Демовна [user00002@sample.local])
2141086,Объем рынка Росстат для расчета доли рынка ФЛ ИП(знаменатель) (Интегральная ФЛ),Объем рынка Росстат для расчета доли рынка ФЛ ИП(знаменатель) (Интегральная ФЛ),,,,True,,False,,,,,Для отчета по доле рынка в АС Инфопанель,,2022-10-05,2026-05-29 16:25:18,60385977 (Демидемоа Анна Демовна [user00002@sample.local])
2141092,Объем ФОТ без янв и дек Росстат для расчета доли рынка ФОТ без янв и дек(знаменатель) (Интегральная без янв и дек),Объем ФОТ без янв и дек Росстат для расчета доли рынка ФОТ без янв и дек(знаменатель) (Интегральная без янв и дек),,,,True,,False,,,,,Для отчета по доле рынка в АС Инфопанель,,2022-10-05,2026-05-29 16:25:18,60385977 (Демидемоа Анна Демовна [user00002@sample.local])
2141085,Объем рынка СБ для расчета доли рынка ФЛ ИП(числитель) (Интегральная ФЛ),Объем рынка СБ для расчета доли рынка ФЛ ИП(числитель) (Интегральная ФЛ),,,,True,,False,,,,,Для отчета по доле рынка в АС Инфопанель,,2022-10-05,2026-05-29 16:25:18,60385977 (Демидемоа Анна Демовна [user00002@sample.local])
2141059,Доля рынка ФОТ без янв и дек (Интегральная без янв и дек),Доля рынка ФОТ без янв и дек (Интегральная без янв и дек),,,,True,,False,,,,,Для отчета по доле рынка в АС Инфопанель,,2022-10-05,2026-05-29 16:25:18,60385977 (Демидемоа Анна Демовна [user00002@sample.local])
9001169,Кол-во новых ФЛ пришедших на обслуживание через технологию привлечения b2b через сделки КМ КСБ,Кол-во новых ФЛ пришедших на обслуживание через технологию привлечения b2b через сделки КМ КСБ,1530917.0,,,True,,True,desc,,True,,Для АС Навигатор,,2025-02-18,2026-05-29 16:25:18,60385977 (Демидемоа Анна Демовна [user00002@sample.local])
9001195,Количество полученных согласий по продукту перевод на ЗП ролью ВСП,Количество полученных согласий по продукту перевод на ЗП ролью ВСП,1530917.0,,,True,,True,desc,,True,,Для АС Навигатор,,2025-02-18,2026-05-29 16:25:18,60385977 (Демидемоа Анна Демовна [user00002@sample.local])
9001336,Количество новых получателей по ролям МЗП+КМ,Количество новых получателей по ролям МЗП+КМ,1530917.0,,,True,,False,,,False,,Для Водопада в АС Навигатор,,2026-03-16,2026-05-29 16:25:18,60385977 (Демидемоа Анна Демовна [user00002@sample.local])
9002010,Отработано задач,Отработано задач,1150387.0,1636839.0,,True,,True,desc,,,,Для виджета по Воронке продаж,,2024-12-04,2026-05-29 16:25:18,60385977 (Демидемоа Анна Демовна [user00002@sample.local])
2141082,Объем рынка Росстат для расчета доли рынка ФЛ ЮЛ(знаменатель) (Интегральная ФЛ),Объем рынка Росстат для расчета доли рынка ФЛ ЮЛ(знаменатель) (Интегральная ФЛ),,,,True,,False,,,,,Для отчета по доле рынка в АС Инфопанель,,2022-10-05,2026-05-29 16:25:18,60385977 (Демидемоа Анна Демовна [user00002@sample.local])
9001288,Доля отработанных ,Доля отработанных ,1530917.0,1345134.0,,True,,False,,,True,,Для отчета по оттокам в АС Навигатор,,2025-08-19,2026-05-29 16:25:18,60385977 (Демидемоа Анна Демовна [user00002@sample.local])
1000601,Качество управления бизнесом (сервис),Качество управления бизнесом (сервис),1530917.0,,,True,,False,,,,,Для отчета по оперфакту НП в АС Инфопанель,,2023-11-28,2026-05-29 16:25:18,60385977 (Демидемоа Анна Демовна [user00002@sample.local])
1000220,Прирост доли рынка год к году,Прирост доли рынка год к году,1790758.0,1851030.0,,True,,False,,,,,Для отчета по доле рынка в АС Инфопанель,,2022-05-30,2026-05-29 16:25:18,60385977 (Демидемоа Анна Демовна [user00002@sample.local])
9001541,Доля качественных НФЛ в общем кол-ве привлеченных НФЛ по ТБ/ГОСБ,Доля качественных НФЛ в общем кол-ве привлеченных НФЛ по ТБ/ГОСБ,1532200.0,2007815.0,,True,,False,,,,,Для отчета КУБ в АС Инфопанель и МРМ,,2025-10-01,2026-05-29 16:25:18,60385977 (Демидемоа Анна Демовна [user00002@sample.local])
9001578,Резерв для МРМ,Резерв для МРМ,1532200.0,,,False,,False,,,,,Резерв для МРМ,,2024-02-29,2026-05-29 16:25:18,60385977 (Демидемоа Анна Демовна [user00002@sample.local])
9001025,"Количество зарплатных договоров, заключенных через СБОЛ.про УЗП","Кол-во ЗД, заключ. через СБОЛ.про УЗП",760696.0,1636839.0,,True,,False,,,,,Для отчёта Запуск ЗД в АС Инфопанель,,2022-11-21,2026-05-29 16:25:18,60385977 (Демидемоа Анна Демовна [user00002@sample.local])
9009001,Рекомендации по зарплатным проектам для руководителя,Рекомендации по зарплатным проектам для руководителя,1530917.0,,,True,,False,,,,,Для АС Навигатор,,2025-03-18,2026-05-29 16:25:18,60385977 (Демидемоа Анна Демовна [user00002@sample.local])
9001149,Темп роста портфеля в %,Темп роста портфеля в %,2119307.0,1636839.0,,True,,False,,,,,Для отчета Волга,,2024-11-19,2026-05-29 16:25:18,60385977 (Демидемоа Анна Демовна [user00002@sample.local])
9001575,Резерв для МРМ,Резерв для МРМ,1532200.0,,,False,,False,,,,,Резерв для МРМ,,2024-02-29,2026-05-29 16:25:18,60385977 (Демидемоа Анна Демовна [user00002@sample.local])
1020377,Портфель зарплатных ФЛ до ИНН(по балансу),Портфель зарплатных ФЛ до ИНН(по балансу),1791596.0,1636839.0,,True,,True,desc,True,True,,Для отчета Портфель ФЛ в АС Инфопанель,,2024-01-31,2026-05-29 16:25:18,60385977 (Демидемоа Анна Демовна [user00002@sample.local])
9001184,Количество организаций вернувшихся после отработки задачи на отток,Количество организаций вернувшихся после отработки задачи на отток,1530917.0,,,True,,True,desc,,True,,Для АС Навигатор,,2025-02-18,2026-05-29 16:25:18,60385977 (Демидемоа Анна Демовна [user00002@sample.local])
9001109,Портфель общий до ИНН,Портфель общий до ИНН,1157749.0,,,True,,False,,,,,Для отчета Карточка ВУЗ в АС Инфопанель,,2024-04-04,2026-05-29 16:25:18,60385977 (Демидемоа Анна Демовна [user00002@sample.local])
9001006,Качество отработки задач по оттокам,Качество отработки задач по оттокам,1737120.0,1345134.0,,True,,False,,,,,Для отчета по качеству отработки задач по оттокам в АС Инфопанель,,2022-08-03,2026-05-29 16:25:18,60385977 (Демидемоа Анна Демовна [user00002@sample.local])
9001564,Резерв для МРМ,Резерв для МРМ,1532200.0,,,False,,False,,,,,Резерв для МРМ,,2024-02-29,2026-05-29 16:25:18,60385977 (Демидемоа Анна Демовна [user00002@sample.local])
90010332,"Количество ФЛ по организациям в задачах, выставленных на МЗП с зафиксированным силовым оттоком","Количество ФЛ по организациям в задачах, выставленных на МЗП с зафиксированным силовым оттоком",1530917.0,1798458.0,,True,,True,asc,,,,Для АС Навигатор,,2025-05-23,2026-05-29 16:25:18,60385977 (Демидемоа Анна Демовна [user00002@sample.local])
10903477,Отток ФЛ от 3 до 9 ФЛ для ИСУ,Отток ФЛ от 3 до 9 ФЛ для ИСУ,1737120.0,,,True,,False,,,,,Для ИСУ,,2025-03-03,2026-05-29 16:25:18,60385977 (Демидемоа Анна Демовна [user00002@sample.local])
9001041,"Доля отработанных задач МЗП, из них с НП МЗП (%)","Доля отработанных задач МЗП, из них с НП МЗП (%)",,1798458.0,,True,,False,,,,,Для виджетов в АС Инфопанель,,2023-08-07,2026-05-29 16:25:18,60385977 (Демидемоа Анна Демовна [user00002@sample.local])
9001096,Риск оттока ФЛ,Риск оттока,1642359.0,1636839.0,,True,,False,,,,,Витрина Эффективности для команды МРМ. Виджет Управление оттоками,,2024-01-31,2026-05-29 16:25:18,60385977 (Демидемоа Анна Демовна [user00002@sample.local])
9001038,"Доля отработанных задач ЦА, из них с НП ЦА (%)","Доля отработанных задач ЦА, из них с НП ЦА (%)",,1798458.0,,True,,False,,,,,Для виджетов в АС Инфопанель,,2023-08-07,2026-05-29 16:25:18,60385977 (Демидемоа Анна Демовна [user00002@sample.local])
90010331,Снижение портфеля ФЛ контролируемый,Снижение портфеля ФЛ контролируемый,1530917.0,1798458.0,,True,,True,asc,,,,Для АС Навигатор,,2025-03-14,2026-05-29 16:25:18,60385977 (Демидемоа Анна Демовна [user00002@sample.local])
9001317,CHANGE Проекты КМ+МЗП просрочены,Количество change проектов по каналу УЗП находящихся в работе и срок по которым прошел,1530917.0,,,True,,False,,,False,,Для Водопада в АС Навигатор,,2026-01-23,2026-05-29 16:25:18,60385977 (Демидемоа Анна Демовна [user00002@sample.local])
9901300,"Доля задач, принятых в работу с истёкшим сроком","Доля задач, принятых в работу с истёкшим сроком",,384103.0,,False,,False,,,False,,Для AI-агента по фактическим оттокам,,2026-01-30,2026-05-29 16:25:18,60385977 (Демидемоа Анна Демовна [user00002@sample.local])
1001141,"Общий портфель ФЛ (держатели ЗП карт), (сегменты Крупнейший бизнес, включая клиентов ЦА, Клиенты машиностроения (предприятия ОПК), Госсектор)","Общий портфель ФЛ (держатели ЗП карт) (сегменты CIB, ОПК, РГС)",1530917.0,,,True,,False,,,,,Для отчета по оперфакту НП в АС Инфопанель,,2023-11-28,2026-05-29 16:25:18,60385977 (Демидемоа Анна Демовна [user00002@sample.local])
9001037,Доля отработанных задач ЦА (%),Доля отработанных задач ЦА (%),,1798458.0,,True,,False,,,,,Для виджетов в АС Инфопанель,,2023-08-07,2026-05-29 16:25:18,60385977 (Демидемоа Анна Демовна [user00002@sample.local])
9001053,Задачи сотрудников (Вероятность отттока) не взятые в работу,Отток,1642359.0,2033718.0,,True,,False,,,,,Витрина Эффективности для команды МРМ. Виджет Не взятые в работу задачи,,2024-01-31,2026-05-29 16:25:18,60385977 (Демидемоа Анна Демовна [user00002@sample.local])
9001585,Резерв для МРМ,Резерв для МРМ,1532200.0,,,False,,False,,,,,Резерв для МРМ,,2024-02-29,2026-05-29 16:25:18,60385977 (Демидемоа Анна Демовна [user00002@sample.local])
9001121,ФЛ с жилищным кредитом,ФЛ с жилищным кредитом,1157749.0,,,True,,False,,,,,Для отчета Карточка ВУЗ в АС Инфопанель,,2024-04-04,2026-05-29 16:25:18,60385977 (Демидемоа Анна Демовна [user00002@sample.local])
9001158,Темп роста Y2Y СР ЗП ФЛ отток,Темп роста Y2Y СР ЗП ФЛ отток,,,,True,,False,,,,,Для отчета Волга,,2025-02-03,2026-05-29 16:25:18,60385977 (Демидемоа Анна Демовна [user00002@sample.local])
9001142,Темпы роста объема ФОТ силовой,Темпы роста объема ФОТ силовой,1791596.0,2033718.0,,True,,False,,,,,Для отчета Темпы роста в АС Инфопанель,,2024-09-12,2026-05-29 16:25:18,60385977 (Демидемоа Анна Демовна [user00002@sample.local])
9001066,Количество совершенных выездов,Количество совершенных выездов,42646.0,,,True,,False,,,,,Для отчета ЖУЦ в АС Инфопанель,,2024-01-19,2026-05-29 16:25:18,60385977 (Демидемоа Анна Демовна [user00002@sample.local])
9001157,СР ЗП отток,СР ЗП отток,,,,True,,True,asc,,True,,Для отчета Волга,,2025-02-03,2026-05-29 16:25:18,60385977 (Демидемоа Анна Демовна [user00002@sample.local])
9001255,Оседаемость новых ФЛ Телемаркетинг,Оседаемость новых ФЛ Телемаркетинг,1530917.0,,,True,,False,,,,,Для АС Навигатор,,2025-04-24,2026-05-29 16:25:18,60385977 (Демидемоа Анна Демовна [user00002@sample.local])
9001207,ТОП 3 района оттока клиентов,ТОП 3 района оттока клиентов,1530917.0,,,True,,False,,,,,Для АС Навигатор,,2025-04-24,2026-05-29 16:25:18,60385977 (Демидемоа Анна Демовна [user00002@sample.local])
9001052,Задачи сотрудников (Привлечение и Расширение ЗД) не взятые в работу,Привлечение,1642359.0,2033718.0,,True,,False,,,,,Витрина Эффективности для команды МРМ. Виджет Не взятые в работу задачи,,2024-01-31,2026-05-29 16:25:18,60385977 (Демидемоа Анна Демовна [user00002@sample.local])
9001232,Количество новых ФЛ по самостоятельным задачам МЗП/СЗП,Количество новых ФЛ по самостоятельным задачам МЗП/СЗП,1530917.0,,,True,,False,,,,,Для АС Навигатор,,2025-04-24,2026-05-29 16:25:18,60385977 (Демидемоа Анна Демовна [user00002@sample.local])
10903311,Количество ведомств РГС со значительным снижением портфеля,Количество ведомств РГС со значительным снижением портфеля,1737120.0,,,True,,False,,,,,Для ИСУ,,2025-03-03,2026-05-29 16:25:18,60385977 (Демидемоа Анна Демовна [user00002@sample.local])
9001129,"Активности с типом Встреча, совершенные МЗП в рамках задач с типом Отток, Контактная политика",Удержание встречи,1642359.0,2033718.0,,True,,False,,,,,Для виджетов МРМ Эффективность,,2024-06-10,2026-05-29 16:25:18,60385977 (Демидемоа Анна Демовна [user00002@sample.local])
9001212,Кол-во новых ФЛ на 1 КМ РГС,Кол-во новых ФЛ на 1 КМ РГС,1530917.0,,,True,,False,,,,,Для АС Навигатор,,2025-04-24,2026-05-29 16:25:18,60385977 (Демидемоа Анна Демовна [user00002@sample.local])
9001542,Резерв для МРМ,Резерв для МРМ,1532200.0,,,False,,False,,,,,Резерв для МРМ,,2024-02-29,2026-05-29 16:25:18,60385977 (Демидемоа Анна Демовна [user00002@sample.local])
9002016,Прогноз НФЛ,Прогноз НФЛ,1150387.0,1636839.0,,True,,False,,,,,Для виджета по прогнозу по сделкам,,2024-12-04,2026-05-29 16:25:18,60385977 (Демидемоа Анна Демовна [user00002@sample.local])
9001139,ФОТ для темпа роста не силовой,ФОТ для темпа роста не силовой,1791596.0,2033718.0,,True,,False,,,,,Для отчета Темпы роста в АС Инфопанель,,2024-09-12,2026-05-29 16:25:18,60385977 (Демидемоа Анна Демовна [user00002@sample.local])
10030072,Количество новых физических лиц по закрепленным клиентам (без учета в мотивацию),Количество НФЛ(без учета в мотивацию),153220.0,2007815.0,"sb, tb, gosb",True,ФЛ,True,desc,,,,Расчет НФЛ до применения мотивационных крышек,,2026-04-09,2026-05-29 16:25:18,60385977 (Демидемоа Анна Демовна [user00002@sample.local])
9001289,Отток ФЛ Подтвержденный,Отток ФЛ Подтвержденный,1530917.0,1345134.0,,True,,False,,,True,,Для отчета по оттокам в АС Навигатор,,2025-08-20,2026-05-29 16:25:18,60385977 (Демидемоа Анна Демовна [user00002@sample.local])
9001551,Резерв для МРМ,Резерв для МРМ,1532200.0,,,False,,False,,,,,Резерв для МРМ,,2024-02-29,2026-05-29 16:25:18,60385977 (Демидемоа Анна Демовна [user00002@sample.local])
9001213,Кол-во новых ФЛ на 1 КМ КСБ,Кол-во новых ФЛ на 1 КМ КСБ,1530917.0,,,True,,False,,,,,Для АС Навигатор,,2025-04-24,2026-05-29 16:25:18,60385977 (Демидемоа Анна Демовна [user00002@sample.local])
9001581,Резерв для МРМ,Резерв для МРМ,1532200.0,,,False,,False,,,,,Резерв для МРМ,,2024-02-29,2026-05-29 16:25:18,60385977 (Демидемоа Анна Демовна [user00002@sample.local])
9001337,Количество новых получателей по ролям СЗП,Количество новых получателей по ролям СЗП,1530917.0,,,True,,False,,,False,,Для Водопада в АС Навигатор,,2026-03-16,2026-05-29 16:25:18,60385977 (Демидемоа Анна Демовна [user00002@sample.local])
9001276,Всего оттоков ФЛ,Всего оттоков ФЛ,1530917.0,1345134.0,,True,,False,,,True,,Для отчета по оттокам в АС Навигатор,,2025-08-07,2026-05-29 16:25:18,60385977 (Демидемоа Анна Демовна [user00002@sample.local])
12400199,"Объем зарплатных перечислений по новым физическим лицам, сегмент CIB","Объем зарплатных перечислений по новым физическим лицам, сегмент CIB",,,,True,,False,,,,,,,2022-05-30,2026-05-29 16:25:18,60385977 (Демидемоа Анна Демовна [user00002@sample.local])
9001199,Количество ФЛ поторые являются новыми по продукту перевод на ЗП ролью ВСП,Количество ФЛ поторые являются новыми по продукту перевод на ЗП ролью ВСП,1530917.0,,,True,,True,desc,,True,,Для АС Навигатор,,2025-02-18,2026-05-29 16:25:18,60385977 (Демидемоа Анна Демовна [user00002@sample.local])
9001227,Количество новых ФЛ по централизованным задачам,Количество новых ФЛ по централизованным задачам,1530917.0,,,True,,False,,,,,Для АС Навигатор,,2025-04-24,2026-05-29 16:25:18,60385977 (Демидемоа Анна Демовна [user00002@sample.local])
9001532,Единый личный кабинет,Единый личный кабинет,1532200.0,2007815.0,,True,,False,,,,,Для отчета КУБ в АС Инфопанель и МРМ,,2024-10-17,2026-05-29 16:25:18,60385977 (Демидемоа Анна Демовна [user00002@sample.local])
1020383,Портфель зарплатных ФЛ до ИНН(интегральный КБ+РБ),Портфель зарплатных ФЛ до ИНН(интегральный КБ+РБ),1791596.0,1636839.0,,True,,True,desc,True,True,,Для отчета Портфель ФЛ в АС Инфопанель,,2024-01-31,2026-05-29 16:25:18,60385977 (Демидемоа Анна Демовна [user00002@sample.local])
9001145,Доля производительных МЗП,Доля производительных МЗП,1530917.0,2033718.0,,True,,True,desc,,True,,Для отчета Оперфакт в АС Инфопанель,,2024-09-16,2026-05-29 16:25:18,60385977 (Демидемоа Анна Демовна [user00002@sample.local])
9001008,Количество партнерских точек,Количество партнерских точек,1893203.0,1636839.0,,True,,False,,,,,Для дашборда партнерского канала в АС Инфопанель,,2022-08-10,2026-05-29 16:25:18,60385977 (Демидемоа Анна Демовна [user00002@sample.local])
9001504,Отработка централизованных задач УЗП,Отработка централизованных задач,1532200.0,,,True,,False,,,,,Для отчета КУБ в АС Инфопанель и МРМ,,2024-03-20,2026-05-29 16:25:18,60385977 (Демидемоа Анна Демовна [user00002@sample.local])
9001119,Сумма выданных средств по новым договорам образовательного кредита,Сумма выданных средств по новым договорам образовательного кредита,1157749.0,,,True,,False,,,,,Для отчета Карточка ВУЗ в АС Инфопанель,,2024-04-04,2026-05-29 16:25:18,60385977 (Демидемоа Анна Демовна [user00002@sample.local])
9001527,"Доля СЗП, выполняющих норматив по консультациям через наведение на клиента","Доля СЗП, выполняющих норматив по консультациям через наведение на клиента",1532200.0,2033718.0,,True,,False,,,,,Для отчета КУБ в АС Инфопанель и МРМ,,2024-06-25,2026-05-29 16:25:18,60385977 (Демидемоа Анна Демовна [user00002@sample.local])
12400198,Количество уникальных получателей по реестровым выплатам по ГОСБ,Количество уникальных получателей по реестровым выплатам по ГОСБ,1782048.0,1851030.0,,True,,False,,,,,,,2022-05-30,2026-05-29 16:25:18,60385977 (Демидемоа Анна Демовна [user00002@sample.local])
9001593,Резерв для МРМ,Резерв для МРМ,1532200.0,,,False,,False,,,,,Резерв для МРМ,,2024-02-29,2026-05-29 16:25:18,60385977 (Демидемоа Анна Демовна [user00002@sample.local])
2141071,Прирост доли рынка ФОТ ЮЛ год к году (Интегральная ФОТ),Прирост доли рынка ФОТ ЮЛ год к году (Интегральная ФОТ),,,,True,,False,,,,,Для отчета по доле рынка в АС Инфопанель,,2022-10-05,2026-05-29 16:25:18,60385977 (Демидемоа Анна Демовна [user00002@sample.local])
9001176,Кол-во новых ФЛ пришедших на обслуживание через технологию привлечения b2c через консультацию УВД,Кол-во новых ФЛ пришедших на обслуживание через технологию привлечения b2c через консультацию УВД,1530917.0,,,True,,True,desc,,True,,Для АС Навигатор,,2025-02-18,2026-05-29 16:25:18,60385977 (Демидемоа Анна Демовна [user00002@sample.local])
9001520,Блок B2C,Блок B2C,1532200.0,,,True,,False,,,,,Для отчета КУБ в АС Инфопанель и МРМ,,2024-03-20,2026-05-29 16:25:18,60385977 (Демидемоа Анна Демовна [user00002@sample.local])
9001155,СР ЗП новые ФЛ,СР ЗП новые ФЛ,,,,True,,True,desc,,True,,Для отчета Волга,,2025-02-03,2026-05-29 16:25:18,60385977 (Демидемоа Анна Демовна [user00002@sample.local])
2304013,Количество оформленных карт в месяц Т-2,Количество оформленных карт в месяц Т-2,1737120.0,1345134.0,,True,,False,,,,,Для ИСУ.ПРО,,2022-10-05,2026-05-29 16:25:18,60385977 (Демидемоа Анна Демовна [user00002@sample.local])
9001069,Средняя за день длительность выезда в минутах без учета дороги,Средняя за день длительность выезда в минутах без учета дороги,42646.0,,,True,,False,,,,,Для отчета ЖУЦ в АС Инфопанель,,2024-01-19,2026-05-29 16:25:18,60385977 (Демидемоа Анна Демовна [user00002@sample.local])
9001511,Доля регистраций зарплатных договоров в СБОЛ.про (по РГС и КСБ),Доля регистраций з/п договоров в СБОЛ.про,1532200.0,,,True,,False,,,,,Для отчета КУБ в АС Инфопанель и МРМ,,2024-03-20,2026-05-29 16:25:18,60385977 (Демидемоа Анна Демовна [user00002@sample.local])
10903305,Отток ФЛ от 50 до 99 ФЛ для ИСУ,Отток ФЛ от 50 до 99 ФЛ для ИСУ,1737120.0,,,True,,False,,,,,Для ИСУ,,2025-03-03,2026-05-29 16:25:18,60385977 (Демидемоа Анна Демовна [user00002@sample.local])
9901293,ФЛ не вернулись в неподтвержденных оттоках,ФЛ не вернулись в неподтвержденных оттоках,1530917.0,1345134.0,,True,,False,,,True,,Для отчета по оттокам в АС Навигатор,,2026-01-30,2026-05-29 16:25:18,60385977 (Демидемоа Анна Демовна [user00002@sample.local])
9001259,Доля текучки в новом привлечении КМ КСБ,Доля текучки в новом привлечении КМ КСБ,1530917.0,,,True,,False,,,,,Для АС Навигатор,,2025-04-24,2026-05-29 16:25:18,60385977 (Демидемоа Анна Демовна [user00002@sample.local])
9901283,Задач не выставлено,Задач не выставлено,1530917.0,1345134.0,,True,,False,,,True,,Для отчета по оттокам в АС Навигатор,,2026-01-30,2026-05-29 16:25:18,60385977 (Демидемоа Анна Демовна [user00002@sample.local])
9001571,Резерв для МРМ,Резерв для МРМ,1532200.0,,,False,,False,,,,,Резерв для МРМ,,2024-02-29,2026-05-29 16:25:18,60385977 (Демидемоа Анна Демовна [user00002@sample.local])
9001253,Оседаемость новых ФЛ ВСП,Оседаемость новых ФЛ ВСП,1530917.0,,,True,,False,,,,,Для АС Навигатор,,2025-04-24,2026-05-29 16:25:18,60385977 (Демидемоа Анна Демовна [user00002@sample.local])
9001127,"Активности с типом Встреча, совершенные МЗП в рамках задач с типом Привлечение, Расширение, Задача B2C",Привлечение встречи,1642359.0,2033718.0,,True,,False,,,,,Для виджетов МРМ Эффективность,,2024-06-10,2026-05-29 16:25:18,60385977 (Демидемоа Анна Демовна [user00002@sample.local])
9001589,Резерв для МРМ,Резерв для МРМ,1532200.0,,,False,,False,,,,,Резерв для МРМ,,2024-02-29,2026-05-29 16:25:18,60385977 (Демидемоа Анна Демовна [user00002@sample.local])
9001044,Прирост ФОТ к предыдущему месяцу (%),Прирост ФОТ к предыдущему месяцу (%),,1636839.0,,True,,False,,,,,Для виджетов в АС Инфопанель,,2023-08-07,2026-05-29 16:25:18,60385977 (Демидемоа Анна Демовна [user00002@sample.local])
2141069,Объем рынка СБ для расчета доли рынка ФОТ ЮЛ(числитель) (Интегральная ФОТ),Объем рынка СБ для расчета доли рынка ФОТ ЮЛ(числитель) (Интегральная ФОТ),,,,True,,False,,,,,Для отчета по доле рынка в АС Инфопанель,,2022-10-05,2026-05-29 16:25:18,60385977 (Демидемоа Анна Демовна [user00002@sample.local])
9001584,Резерв для МРМ,Резерв для МРМ,1532200.0,,,False,,False,,,,,Резерв для МРМ,,2024-02-29,2026-05-29 16:25:18,60385977 (Демидемоа Анна Демовна [user00002@sample.local])
9001001,ФОТ по перезакреплению CIB,ФОТ по перезакреплению CIB,1782048.0,1798458.0,,True,,False,,,,,Для отчета по перетокам CIB в АС Инфопанель,"2021-09-30,2022-05-31",2022-08-18,2026-05-29 16:25:18,60385977 (Демидемоа Анна Демовна [user00002@sample.local])
9901298,Доля закрытых задач,Доля закрытых задач,,384103.0,,False,,False,,,False,,Для AI-агента по фактическим оттокам,,2026-01-30,2026-05-29 16:25:18,60385977 (Демидемоа Анна Демовна [user00002@sample.local])
1000636,Количество новых получателей денежных средств в рамках зарплатных договоров,Количество новых получателей,1530917.0,1851030.0,,True,,True,desc,True,,,Для отчета по НП в АС Инфопанель,,2022-05-30,2026-05-29 16:25:18,60385977 (Демидемоа Анна Демовна [user00002@sample.local])
9001144,Количество производительных СЗП,Количество производительных СЗП,1530917.0,2033718.0,,True,,True,desc,,True,,Для отчета Оперфакт в АС Инфопанель,,2024-09-16,2026-05-29 16:25:18,60385977 (Демидемоа Анна Демовна [user00002@sample.local])
9001135,Количество уникальных получателей до ГОСБ (все перечисления) не силовые,Количество уникальных получателей до ГОСБ (все перечисления) не силовые,1791596.0,2033718.0,,True,,False,,,,,Для отчета Уникальные получатели в АС Инфопанель,,2024-09-12,2026-05-29 16:25:18,60385977 (Демидемоа Анна Демовна [user00002@sample.local])
10903478,Отток ФЛ от 30 до 49 ФЛ для ИСУ,Отток ФЛ от 30 до 49 ФЛ для ИСУ,1737120.0,,,True,,False,,,,,Для ИСУ,,2025-03-03,2026-05-29 16:25:18,60385977 (Демидемоа Анна Демовна [user00002@sample.local])
10903255,Кол-во эффективных РСЗП,Кол-во эффективных РСЗП,1737120.0,,,True,,False,,,,,Для ИСУ,,2025-03-03,2026-05-29 16:25:18,60385977 (Демидемоа Анна Демовна [user00002@sample.local])
9001039,НП на сделку ЦА,НП на сделку ЦА,,1798458.0,,True,,False,,,,,Для виджетов в АС Инфопанель,,2023-08-07,2026-05-29 16:25:18,60385977 (Демидемоа Анна Демовна [user00002@sample.local])
9001328,CHANGE Проекты Возврат B2B исполнены,Количество change проектов направления работы с оттоком по каналу УЗП выполненых на 100%,1530917.0,,,True,,False,,,False,,Для Водопада в АС Навигатор,,2026-01-23,2026-05-29 16:25:18,60385977 (Демидемоа Анна Демовна [user00002@sample.local])
9001161,Количество новых ФЛ получателей заработной платы,Количество новых ФЛ получателей заработной платы,1530917.0,,,True,,True,desc,,True,,Для АС Навигатор,,2025-02-18,2026-05-29 16:25:18,60385977 (Демидемоа Анна Демовна [user00002@sample.local])
9001587,Резерв для МРМ,Резерв для МРМ,1532200.0,,,False,,False,,,,,Резерв для МРМ,,2024-02-29,2026-05-29 16:25:18,60385977 (Демидемоа Анна Демовна [user00002@sample.local])
9001028,"Оттоки ЮЛ, изменение к прошлому месяцу","Оттоки ЮЛ, изменение к прошлому месяцу",1530917.0,1798458.0,,True,,False,,,,,Для виджетов в АС Инфопанель,,2023-07-25,2026-05-29 16:25:18,60385977 (Демидемоа Анна Демовна [user00002@sample.local])
9001228,Количество самостоятельных задач взятых в работу МЗП/СЗП,Количество самостоятельных задач взятых в работу МЗП/СЗП,1530917.0,,,True,,False,,,,,Для АС Навигатор,,2025-04-24,2026-05-29 16:25:18,60385977 (Демидемоа Анна Демовна [user00002@sample.local])
9001302,Доля невзятых задач,Доля невзятых задач,,384103.0,,False,,False,,,False,,Для AI-агента по фактическим оттокам,,2025-10-09,2026-05-29 16:25:18,60385977 (Демидемоа Анна Демовна [user00002@sample.local])
9901290,Доля в портфеле территории,Доля в портфеле территории,1530917.0,1345134.0,,True,,False,,,True,,Для отчета по оттокам в АС Навигатор,,2026-01-30,2026-05-29 16:25:18,60385977 (Демидемоа Анна Демовна [user00002@sample.local])
9001177,Кол-во новых ФЛ пришедших на обслуживание через технологию привлечения b2c через консультацию телемаркетинг,Кол-во новых ФЛ пришедших на обслуживание через технологию привлечения b2c через консультацию телемаркетинг,1530917.0,,,True,,True,desc,,True,,Для АС Навигатор,,2025-02-18,2026-05-29 16:25:18,60385977 (Демидемоа Анна Демовна [user00002@sample.local])
9002002,Получено согласий по задачам,Получено согласий по задачам,1150387.0,1636839.0,,True,,True,desc,,True,,Для виджета по Воронке продаж,,2024-12-04,2026-05-29 16:25:18,60385977 (Демидемоа Анна Демовна [user00002@sample.local])
12400197,Количество уникальных получателей до ГОСБ (все перечисления),Количество уникальных получателей до ГОСБ (все перечисления),1782048.0,1851030.0,,True,,False,,,,,Для отчета по уникальным получателям в АС Инфопанель,,2022-05-30,2026-05-29 16:25:18,60385977 (Демидемоа Анна Демовна [user00002@sample.local])
9002011,Запланировано МЗП к привлечению,Запланировано МЗП к привлечению,1150387.0,1636839.0,,True,,False,,,,,Для виджета по прогнозу по сделкам,,2024-12-04,2026-05-29 16:25:18,60385977 (Демидемоа Анна Демовна [user00002@sample.local])
9001501,"Текучесть массовых специальностей (МЗП, СЗП)",Текучесть МЗП / СЗП,1532200.0,,,True,,False,,,,,Для отчета КУБ в АС Инфопанель и МРМ,,2024-03-20,2026-05-29 16:25:18,60385977 (Демидемоа Анна Демовна [user00002@sample.local])
9001332,CHANGE Проекты Возврат B2С просрочены,Количество change проектов направления работы с оттоком сегмента Рабочий возраст  находящихся в работе и срок по которым прошел,1530917.0,,,True,,False,,,False,,Для Водопада в АС Навигатор,,2026-01-23,2026-05-29 16:25:18,60385977 (Демидемоа Анна Демовна [user00002@sample.local])
2141081,Объем рынка СБ для расчета доли рынка ФЛ ЮЛ(числитель) (Интегральная ФЛ),Объем рынка СБ для расчета доли рынка ФЛ ЮЛ(числитель) (Интегральная ФЛ),,,,True,,False,,,,,Для отчета по доле рынка в АС Инфопанель,,2022-10-05,2026-05-29 16:25:18,60385977 (Демидемоа Анна Демовна [user00002@sample.local])
9001592,Резерв для МРМ,Резерв для МРМ,1532200.0,,,False,,False,,,,,Резерв для МРМ,,2024-02-29,2026-05-29 16:25:18,60385977 (Демидемоа Анна Демовна [user00002@sample.local])
10903476,Общий отток ФЛ от 3 человек для ИСУ,Общий отток ФЛ от 3 человек для ИСУ,1737120.0,,,True,,False,,,,,Для ИСУ,,2025-03-03,2026-05-29 16:25:18,60385977 (Демидемоа Анна Демовна [user00002@sample.local])
9001572,Резерв для МРМ,Резерв для МРМ,1532200.0,,,False,,False,,,,,Резерв для МРМ,,2024-02-29,2026-05-29 16:25:18,60385977 (Демидемоа Анна Демовна [user00002@sample.local])
9001201,Количество оформленых продуктов перевод на ЗП ролью СЗП,Количество оформленых продуктов перевод на ЗП ролью СЗП,1530917.0,,,True,,True,desc,,True,,Для АС Навигатор,,2025-02-18,2026-05-29 16:25:18,60385977 (Демидемоа Анна Демовна [user00002@sample.local])
9001181,Количество организаций в задачах по пропуску зачислений в контрольные даты выплаты аванаса и окончательного расчета внутри отчетного месяца,Количество организаций в задачах по пропуску зачислений в контрольные даты выплаты аванаса и окончательного расчета внутри отчетного месяца,1530917.0,,,True,,True,asc,,,,Для АС Навигатор,,2025-02-18,2026-05-29 16:25:18,60385977 (Демидемоа Анна Демовна [user00002@sample.local])
12400200,Количество уникальных получателей из Базы планирования до ИНН (все перечисления),Количество уникальных получателей из Базы планирования до ИНН (все перечисления),,,,True,,True,desc,True,False,False,,,2025-03-12,2026-05-29 16:25:18,60385977 (Демидемоа Анна Демовна [user00002@sample.local])
9001597,Резерв для МРМ,Резерв для МРМ,1532200.0,,,False,,False,,,,,Резерв для МРМ,,2024-02-29,2026-05-29 16:25:18,60385977 (Демидемоа Анна Демовна [user00002@sample.local])
9001291,Возврат ФЛ в подтвержденным оттокам,Возврат ФЛ в подтвержденным оттокам,1530917.0,1345134.0,,True,,False,,,True,,Для отчета по оттокам в АС Навигатор,,2025-08-22,2026-05-29 16:25:18,60385977 (Демидемоа Анна Демовна [user00002@sample.local])
9001553,Резерв для МРМ,Резерв для МРМ,1532200.0,,,False,,False,,,,,Резерв для МРМ,,2024-02-29,2026-05-29 16:25:18,60385977 (Демидемоа Анна Демовна [user00002@sample.local])
9001330,CHANGE Проекты Возврат B2С в работе,Количество change проектов направления работы с оттоком сегмента Рабочий возраст находящихся в работе,1530917.0,,,True,,False,,,False,,Для Водопада в АС Навигатор,,2026-01-23,2026-05-29 16:25:18,60385977 (Демидемоа Анна Демовна [user00002@sample.local])
9001122,ФЛ с кредитными картами,ФЛ с кредитными картами,1157749.0,,,True,,False,,,,,Для отчета Карточка ВУЗ в АС Инфопанель,,2024-04-04,2026-05-29 16:25:18,60385977 (Демидемоа Анна Демовна [user00002@sample.local])
9001234,Количество самостоятельных задач КМ КБ со сделкой,Количество самостоятельных задач КМ КБ со сделкой,1530917.0,,,True,,False,,,,,Для АС Навигатор,,2025-04-24,2026-05-29 16:25:18,60385977 (Демидемоа Анна Демовна [user00002@sample.local])
9001267,Кол-во удержанных ФЛ в рамках РСЗП,Кол-во удержанных ФЛ в рамках РСЗП,1530917.0,,,True,,False,,,,,Для АС Навигатор,,2025-04-24,2026-05-29 16:25:18,60385977 (Демидемоа Анна Демовна [user00002@sample.local])
9901295,ФЛ вернулись,ФЛ вернулись,1530917.0,1345134.0,,True,,False,,,True,,Для отчета по оттокам в АС Навигатор,,2026-01-30,2026-05-29 16:25:18,60385977 (Демидемоа Анна Демовна [user00002@sample.local])
9001103,Отток с недооцененным риском в ЮЛ,Отток с недооцененным риском,1642359.0,1636839.0,,True,,False,,,,,Витрина Эффективности для команды МРМ. Виджет Управление оттоками,,2024-01-31,2026-05-29 16:25:18,60385977 (Демидемоа Анна Демовна [user00002@sample.local])
9001030,"Продолжающийся отток ЮЛ, изменение к прошлому месяцу","Продолжающийся отток ЮЛ, изменение к прошлому месяцу",1530917.0,1798458.0,,True,,False,,,,,Для виджетов в АС Инфопанель,,2023-07-25,2026-05-29 16:25:18,60385977 (Демидемоа Анна Демовна [user00002@sample.local])
9001050,Прирост НП к предыдущему месяцу (%),Прирост НП к предыдущему месяцу (%),,1636839.0,,True,,False,,,,,Для виджетов в АС Инфопанель,,2023-09-14,2026-05-29 16:25:18,60385977 (Демидемоа Анна Демовна [user00002@sample.local])
2141089,Объем ФЛ Росстат для расчета доли рынка ФЛ(знаменатель) (Интегральная ФЛ),Объем ФЛ Росстат для расчета доли рынка ФЛ(знаменатель) (Интегральная ФЛ),,,,True,,False,,,,,Для отчета по доле рынка в АС Инфопанель,,2022-10-05,2026-05-29 16:25:18,60385977 (Демидемоа Анна Демовна [user00002@sample.local])
9001282,Повторяющийся отток ФЛ,Повторяющийся отток ФЛ,1530917.0,1345134.0,,True,,False,,,True,,Для отчета по оттокам в АС Навигатор,,2025-08-13,2026-05-29 16:25:18,60385977 (Демидемоа Анна Демовна [user00002@sample.local])
9001538,Резерв для МРМ,Резерв для МРМ,1532200.0,,,False,,False,,,,,Резерв для МРМ,,2024-02-29,2026-05-29 16:25:18,60385977 (Демидемоа Анна Демовна [user00002@sample.local])
2141096,Объем рынка Росстат для расчета доли рынка ФОТ без янв и дек ЮЛ(знаменатель) (Интегральная без янв и дек),Объем рынка Росстат для расчета доли рынка ФОТ без янв и дек ЮЛ(знаменатель) (Интегральная без янв и дек),,,,True,,False,,,,,Для отчета по доле рынка в АС Инфопанель,,2022-10-05,2026-05-29 16:25:18,60385977 (Демидемоа Анна Демовна [user00002@sample.local])
9001047,Прирост портфеля ФЛ к предыдущему месяцу (%),Прирост портфеля ФЛ к предыдущему месяцу (%),,1636839.0,,True,,False,,,,,Для виджетов в АС Инфопанель,,2023-08-07,2026-05-29 16:25:18,60385977 (Демидемоа Анна Демовна [user00002@sample.local])
9001068,Доля количества выездов по типам договоров,Доля количества выездов по типам договоров,42646.0,,,True,,False,,,,,Для отчета ЖУЦ в АС Инфопанель,,2024-01-19,2026-05-29 16:25:18,60385977 (Демидемоа Анна Демовна [user00002@sample.local])
9001152,НФЛ Факт для ЦЗ МЗП/СЗП,НФЛ Факт,2119307.0,1636839.0,,True,,True,desc,,,,Для отчета Волга,,2024-12-26,2026-05-29 16:25:18,60385977 (Демидемоа Анна Демовна [user00002@sample.local])
9001205,ТОП 3 причины оттока клиентов,ТОП 3 причины оттока клиентов,1530917.0,,,True,,False,,,,,Для АС Навигатор,,2025-04-24,2026-05-29 16:25:18,60385977 (Демидемоа Анна Демовна [user00002@sample.local])
9001061,Фот не в доле Силовые,Фот вне доли Силовики,1791596.0,,,True,,False,,,,,Детализация общего ФОТ в доле/не в доле,,2024-01-16,2026-05-29 16:25:18,60385977 (Демидемоа Анна Демовна [user00002@sample.local])
2141095,Объем рынка СБ для расчета доли рынка ФОТ без янв и дек ЮЛ(числитель) (Интегральная без янв и дек),Объем рынка СБ для расчета доли рынка ФОТ без янв и дек ЮЛ(числитель) (Интегральная без янв и дек),,,,True,,False,,,,,Для отчета по доле рынка в АС Инфопанель,,2022-10-05,2026-05-29 16:25:18,60385977 (Демидемоа Анна Демовна [user00002@sample.local])
9001132,Интегральный коэффициент выполнения плана по показателям ФОТ КПЭ и ФОТ для доли,КОценка Интеграл,1575385.0,2033718.0,,True,,False,,,,,Для отчета Общий ФОТ в АС Инфопанель,,2024-09-06,2026-05-29 16:25:18,60385977 (Демидемоа Анна Демовна [user00002@sample.local])
9001569,Резерв для МРМ,Резерв для МРМ,1532200.0,,,False,,False,,,,,Резерв для МРМ,,2024-02-29,2026-05-29 16:25:18,60385977 (Демидемоа Анна Демовна [user00002@sample.local])
9901296,Доля возрата,Доля возрата,1530917.0,1345134.0,,True,,False,,,True,,Для отчета по оттокам в АС Навигатор,,2026-01-30,2026-05-29 16:25:18,60385977 (Демидемоа Анна Демовна [user00002@sample.local])
9001031,"Возврат оттоков ЮЛ, факт","Возврат оттоков ЮЛ, факт",1530917.0,1798458.0,,True,,False,,,,,Для виджетов в АС Инфопанель,,2023-07-25,2026-05-29 16:25:18,60385977 (Демидемоа Анна Демовна [user00002@sample.local])
9001530,Доля отработанных задач в ЕЛК,Доля отработанных задач в ЕЛК,1532200.0,2007815.0,,True,,False,,,,,Для отчета КУБ в АС Инфопанель и МРМ,,2024-10-17,2026-05-29 16:25:18,60385977 (Демидемоа Анна Демовна [user00002@sample.local])
9001222,Количество централизованных задач отработанных КМ КБ,Количество централизованных задач отработанных КМ КБ,1530917.0,,,True,,False,,,,,Для АС Навигатор,,2025-04-24,2026-05-29 16:25:18,60385977 (Демидемоа Анна Демовна [user00002@sample.local])
9001287,Отработано ШТ,Отработано ШТ,1530917.0,1345134.0,,True,,False,,,True,,Для отчета по оттокам в АС Навигатор,,2025-08-18,2026-05-29 16:25:18,60385977 (Демидемоа Анна Демовна [user00002@sample.local])
9001547,Резерв для МРМ,Резерв для МРМ,1532200.0,,,False,,False,,,,,Резерв для МРМ,,2024-02-29,2026-05-29 16:25:18,60385977 (Демидемоа Анна Демовна [user00002@sample.local])
9001534,Интеллектуальное управление портфелем,Интеллектуальное управление портфелем,1532200.0,2007815.0,,True,,False,,,,,Для отчета КУБ в АС Инфопанель и МРМ,,2025-01-21,2026-05-29 16:25:18,60385977 (Демидемоа Анна Демовна [user00002@sample.local])
90012092,Потери новых ФЛ по СЗП,Потери новых ФЛ по СЗП,1530917.0,,,True,,True,asc,,,,Для АС Навигатор,,2025-05-20,2026-05-29 16:25:18,60385977 (Демидемоа Анна Демовна [user00002@sample.local])
9001024,Количество работающих договоров по БПА,Количество работающих договоров по БПА,1543465.0,1798458.0,,True,,False,,,,,Для отчёта БПА в АС Инфопанель,,2022-09-22,2026-05-29 16:25:18,60385977 (Демидемоа Анна Демовна [user00002@sample.local])
9001151,Взято в работу ЦЗ МЗП/СЗП,Взято в работу,2119307.0,1636839.0,,True,,True,desc,,,,Для отчета Волга,,2024-12-26,2026-05-29 16:25:18,60385977 (Демидемоа Анна Демовна [user00002@sample.local])
9001285,Взято шт,Взято шт,1530917.0,1345134.0,,True,,False,,,True,,Для отчета по оттокам в АС Навигатор,,2025-08-16,2026-05-29 16:25:18,60385977 (Демидемоа Анна Демовна [user00002@sample.local])
9001202,Доля оформленных относительно консультаций по продукту перевод на ЗП оформленных ролью СЗП,Доля оформленных относительно консультаций по продукту перевод на ЗП оформленных ролью СЗП,1530917.0,,,True,,True,desc,,True,,Для АС Навигатор,,2025-02-18,2026-05-29 16:25:18,60385977 (Демидемоа Анна Демовна [user00002@sample.local])
9001321,CHANGE Проекты Digital в работе,Количество change проектов по сегменту Рабочий возраст находящихся в работе,1530917.0,,,True,,False,,,False,,Для Водопада в АС Навигатор,,2026-01-23,2026-05-29 16:25:18,60385977 (Демидемоа Анна Демовна [user00002@sample.local])
9001254,Оседаемость новых ФЛ МВС,Оседаемость новых ФЛ МВС,1530917.0,,,True,,False,,,,,Для АС Навигатор,,2025-04-24,2026-05-29 16:25:18,60385977 (Демидемоа Анна Демовна [user00002@sample.local])
9001565,Резерв для МРМ,Резерв для МРМ,1532200.0,,,False,,False,,,,,Резерв для МРМ,,2024-02-29,2026-05-29 16:25:18,60385977 (Демидемоа Анна Демовна [user00002@sample.local])
9901291,Возврат ФЛ в подтвержденным оттокам,Возврат ФЛ в подтвержденным оттокам,1530917.0,1345134.0,,True,,False,,,True,,Для отчета по оттокам в АС Навигатор,,2026-01-30,2026-05-29 16:25:18,60385977 (Демидемоа Анна Демовна [user00002@sample.local])
9001230,Доля самостоятельных задач МЗП/СЗП с согласием,Доля самостоятельных задач МЗП/СЗП с согласием,1530917.0,,,True,,False,,,,,Для АС Навигатор,,2025-04-24,2026-05-29 16:25:18,60385977 (Демидемоа Анна Демовна [user00002@sample.local])
9001251,Оседаемость новых ФЛ КМ CIB,Оседаемость новых ФЛ КМ CIB,1530917.0,,,True,,False,,,,,Для АС Навигатор,,2025-04-24,2026-05-29 16:25:18,60385977 (Демидемоа Анна Демовна [user00002@sample.local])
9901288,Доля отработанных ,Доля отработанных ,1530917.0,1345134.0,,True,,False,,,True,,Для отчета по оттокам в АС Навигатор,,2026-01-30,2026-05-29 16:25:18,60385977 (Демидемоа Анна Демовна [user00002@sample.local])
9001175,Кол-во новых ФЛ пришедших на обслуживание через технологию привлечения b2c через консультацию ВСП,Кол-во новых ФЛ пришедших на обслуживание через технологию привлечения b2c через консультацию ВСП,1530917.0,,,True,,True,desc,,True,,Для АС Навигатор,,2025-02-18,2026-05-29 16:25:18,60385977 (Демидемоа Анна Демовна [user00002@sample.local])
9001517,Централизованные задачи,Централизованные задачи,1532200.0,,,True,,False,,,,,Для отчета КУБ в АС Инфопанель и МРМ,,2024-03-20,2026-05-29 16:25:18,60385977 (Демидемоа Анна Демовна [user00002@sample.local])
9001171,Кол-во новых ФЛ пришедших на обслуживание через технологию привлечения b2b через сделки КМ CIB,Кол-во новых ФЛ пришедших на обслуживание через технологию привлечения b2b через сделки КМ CIB,1530917.0,,,True,,True,desc,,True,,Для АС Навигатор,,2025-02-18,2026-05-29 16:25:18,60385977 (Демидемоа Анна Демовна [user00002@sample.local])
9001277,Отток 3+,Отток 3+,1530917.0,1345134.0,,True,,False,,,True,,Для отчета по оттокам в АС Навигатор,,2025-08-08,2026-05-29 16:25:18,60385977 (Демидемоа Анна Демовна [user00002@sample.local])
9901277,Отток 3+,Отток 3+,1530917.0,1345134.0,,True,,False,,,True,,Для отчета по оттокам в АС Навигатор,,2026-01-30,2026-05-29 16:25:18,60385977 (Демидемоа Анна Демовна [user00002@sample.local])
9001022,ФОТ (Реестр),ФОТ (Реестр),1782048.0,1851030.0,,True,,False,,,,,Для отчёта дерево ФОТ в АС Инфопанель,,2022-08-18,2026-05-29 16:25:18,60385977 (Демидемоа Анна Демовна [user00002@sample.local])
9001070,Доля количества назначенных на выезд сотрудников по группе должностей,Доля количества назначенных на выезд сотрудников по группе должностей,42646.0,,,True,,False,,,,,Для отчета ЖУЦ в АС Инфопанель,,2024-01-19,2026-05-29 16:25:18,60385977 (Демидемоа Анна Демовна [user00002@sample.local])
9001306,Увеличение конверсии задач в сделке на 30%,Увеличение конверсии задач в сделке на 30%,1530917.0,,,True,,False,,,False,,Для АС Навигатор,,2026-01-21,2026-05-29 16:25:18,60385977 (Демидемоа Анна Демовна [user00002@sample.local])
2141094,Доля рынка ФОТ без янв и дек ЮЛ (Интегральная без янв и дек),Доля рынка ФОТ без янв и дек ЮЛ (Интегральная без янв и дек),,,,True,,False,,,,,Для отчета по доле рынка в АС Инфопанель,,2022-10-05,2026-05-29 16:25:18,60385977 (Демидемоа Анна Демовна [user00002@sample.local])
2141088,Объем ФЛ СБ для расчета доли рынка ФЛ(числитель) (Интегральная ФЛ),Объем ФЛ СБ для расчета доли рынка ФЛ(числитель) (Интегральная ФЛ),,,,True,,False,,,,,Для отчета по доле рынка в АС Инфопанель,,2022-10-05,2026-05-29 16:25:18,60385977 (Демидемоа Анна Демовна [user00002@sample.local])
9001196,Доля согласий относительно консультаций по продукту перевод на ЗП оформленных ролью ВСП,Доля согласий относительно консультаций по продукту перевод на ЗП оформленных ролью ВСП,1530917.0,,,True,,True,desc,,True,,Для АС Навигатор,,2025-02-18,2026-05-29 16:25:18,60385977 (Демидемоа Анна Демовна [user00002@sample.local])
